{
  "bounds" : {
    "lowerRight" : {
      "y" : 1050,
      "x" : 1553
    },
    "upperLeft" : {
      "y" : 0,
      "x" : 0
    }
  },
  "resourceId" : "canvas",
  "childShapes" : [ {
    "dockers" : [ ],
    "bounds" : {
      "lowerRight" : {
        "y" : 310,
        "x" : 45
      },
      "upperLeft" : {
        "y" : 280,
        "x" : 15
      }
    },
    "resourceId" : "sid-89E51157-60FC-496B-8492-D503767D9F95",
    "childShapes" : [ ],
    "properties" : {
      "trigger" : "None",
      "bordercolor" : "#000000",
      "monitoring" : "",
      "dataoutputassociations" : "",
      "outputset" : "",
      "name" : "",
      "dataoutput" : "",
      "documentation" : "",
      "applyincalc" : true,
      "frequency" : "",
      "auditing" : "",
      "bgcolor" : "#ffffff",
      "processid" : ""
    },
    "stencil" : {
      "id" : "StartNoneEvent"
    },
    "outgoing" : [ {
      "resourceId" : "sid-9FCBF76D-5F1B-46F2-8557-618CB0EE647D"
    } ]
  }, {
    "dockers" : [ ],
    "bounds" : {
      "lowerRight" : {
        "y" : 335,
        "x" : 304
      },
      "upperLeft" : {
        "y" : 255,
        "x" : 204
      }
    },
    "resourceId" : "sid-E3FF4034-587E-4E01-A09A-EF97C34E6607",
    "childShapes" : [ ],
    "properties" : {
      "resources" : "",
      "outmsgstructure" : "",
      "applyincalc" : true,
      "loopcardinality" : "",
      "bgcolor" : "#FFFFFF",
      "inmessagename" : "",
      "outmessagename" : "",
      "bordercolor" : "#000000",
      "time" : "",
      "loopmaximum" : "",
      "loopdataoutput" : "",
      "testbefore" : "",
      "callacitivity" : "",
      "outmsgiscollection" : "",
      "monitoring" : "",
      "operationname" : "",
      "dataoutputset" : "",
      "completionquantity" : 1,
      "properties" : "",
      "script" : "",
      "assignments" : "",
      "nonebehavioreventref" : "signal",
      "externaldocuments" : [ ],
      "scriptformat" : "",
      "datainputset" : "",
      "processid" : "",
      "tasktype" : "None",
      "startquantity" : 1,
      "looptype" : "None",
      "instantiate" : "",
      "behavior" : "all",
      "inmsgimport" : "",
      "costs" : "",
      "inputdataitem" : "",
      "loopdatainput" : "",
      "name" : "glossary://91e637c1e383489982b7304cebe5cab0/Recieving customs declaration and supporting docs;;",
      "outmsgitemkind" : "Information",
      "costcenter" : "",
      "completioncondition" : "",
      "isforcompensation" : "",
      "risklevel" : "",
      "inmsgiscollection" : "",
      "inmsgitemkind" : "Information",
      "messageref" : "",
      "outputdataitem" : "",
      "inmsgstructure" : "",
      "loopcondition" : "",
      "onebehavioreventref:" : "signal",
      "operationref" : "",
      "implementation" : "webService",
      "outmsgimport" : "",
      "documentation" : "",
      "name_glossary_dirty" : true,
      "categories" : "",
      "auditing" : "",
      "complexbehaviordefinition" : ""
    },
    "stencil" : {
      "id" : "Task"
    },
    "outgoing" : [ {
      "resourceId" : "sid-E6CEF7CB-6CB5-45B8-924F-06DC8AA317A4"
    } ]
  }, {
    "dockers" : [ ],
    "bounds" : {
      "lowerRight" : {
        "y" : 335,
        "x" : 600
      },
      "upperLeft" : {
        "y" : 255,
        "x" : 500
      }
    },
    "resourceId" : "sid-B064CF69-CACD-467D-A49F-F18A77645136",
    "childShapes" : [ ],
    "properties" : {
      "resources" : "",
      "outmsgstructure" : "",
      "applyincalc" : true,
      "loopcardinality" : "",
      "bgcolor" : "#FFFFFF",
      "inmessagename" : "",
      "outmessagename" : "",
      "bordercolor" : "#000000",
      "time" : "",
      "loopmaximum" : "",
      "loopdataoutput" : "",
      "testbefore" : "",
      "callacitivity" : "",
      "outmsgiscollection" : "",
      "monitoring" : "",
      "operationname" : "",
      "dataoutputset" : "",
      "completionquantity" : 1,
      "properties" : "",
      "script" : "",
      "assignments" : "",
      "nonebehavioreventref" : "signal",
      "externaldocuments" : [ ],
      "scriptformat" : "",
      "datainputset" : "",
      "processid" : "",
      "tasktype" : "None",
      "startquantity" : 1,
      "looptype" : "None",
      "instantiate" : "",
      "behavior" : "all",
      "inmsgimport" : "",
      "costs" : "",
      "inputdataitem" : "",
      "loopdatainput" : "",
      "name" : "glossary://bc5bd4edaa92490bba0b075c85abcd3f/Document Control;;",
      "outmsgitemkind" : "Information",
      "costcenter" : "",
      "completioncondition" : "",
      "isforcompensation" : "",
      "risklevel" : "",
      "inmsgiscollection" : "",
      "inmsgitemkind" : "Information",
      "messageref" : "",
      "outputdataitem" : "",
      "inmsgstructure" : "",
      "loopcondition" : "",
      "onebehavioreventref:" : "signal",
      "operationref" : "",
      "implementation" : "webService",
      "outmsgimport" : "",
      "documentation" : "",
      "name_glossary_dirty" : true,
      "categories" : "",
      "auditing" : "",
      "complexbehaviordefinition" : ""
    },
    "stencil" : {
      "id" : "Task"
    },
    "outgoing" : [ {
      "resourceId" : "sid-3D095730-3185-4A92-B745-5943EA228C49"
    } ]
  }, {
    "dockers" : [ ],
    "bounds" : {
      "lowerRight" : {
        "y" : 335,
        "x" : 815
      },
      "upperLeft" : {
        "y" : 255,
        "x" : 715
      }
    },
    "resourceId" : "sid-618F775C-63B8-4464-9621-EA46E03E3401",
    "childShapes" : [ ],
    "properties" : {
      "resources" : "",
      "outmsgstructure" : "",
      "applyincalc" : true,
      "loopcardinality" : "",
      "bgcolor" : "#FFFFFF",
      "inmessagename" : "",
      "outmessagename" : "",
      "bordercolor" : "#000000",
      "time" : "",
      "loopmaximum" : "",
      "loopdataoutput" : "",
      "testbefore" : "",
      "callacitivity" : "",
      "outmsgiscollection" : "",
      "monitoring" : "",
      "operationname" : "",
      "dataoutputset" : "",
      "completionquantity" : 1,
      "properties" : "",
      "script" : "",
      "assignments" : "",
      "nonebehavioreventref" : "signal",
      "externaldocuments" : [ ],
      "scriptformat" : "",
      "datainputset" : "",
      "processid" : "",
      "tasktype" : "None",
      "startquantity" : 1,
      "looptype" : "None",
      "instantiate" : "",
      "behavior" : "all",
      "inmsgimport" : "",
      "costs" : "",
      "inputdataitem" : "",
      "loopdatainput" : "",
      "name" : "glossary://0d833c4e7bdb43da933c276e845e5ca3/Check Up of Payments or availability of guarantees regarding customs duties;;",
      "outmsgitemkind" : "Information",
      "costcenter" : "",
      "completioncondition" : "",
      "isforcompensation" : "",
      "risklevel" : "",
      "inmsgiscollection" : "",
      "inmsgitemkind" : "Information",
      "messageref" : "",
      "outputdataitem" : "",
      "inmsgstructure" : "",
      "loopcondition" : "",
      "onebehavioreventref:" : "signal",
      "operationref" : "",
      "implementation" : "webService",
      "outmsgimport" : "",
      "documentation" : "",
      "name_glossary_dirty" : true,
      "categories" : "",
      "auditing" : "",
      "complexbehaviordefinition" : ""
    },
    "stencil" : {
      "id" : "Task"
    },
    "outgoing" : [ {
      "resourceId" : "sid-2C7A6B4F-047C-4049-BC09-7000153439C3"
    } ]
  }, {
    "dockers" : [ ],
    "bounds" : {
      "lowerRight" : {
        "y" : 315,
        "x" : 1015
      },
      "upperLeft" : {
        "y" : 275,
        "x" : 975
      }
    },
    "resourceId" : "sid-21628C40-7C0D-4A9C-B5F0-7558C6120BAD",
    "childShapes" : [ ],
    "properties" : {
      "xortype" : "Data",
      "monitoring" : "",
      "defaultgate" : "",
      "gatewaytype" : "XOR",
      "gates" : "",
      "assignments" : "",
      "bgcolor" : "#ffffff",
      "bordercolor" : "#000000",
      "pool" : "",
      "gate_assignments" : "",
      "markervisible" : "true",
      "name" : "",
      "documentation" : "",
      "gates_assignments" : "",
      "categories" : "",
      "gate_outgoingsequenceflow" : "",
      "auditing" : "",
      "lanes" : "",
      "gates_outgoingsequenceflow" : "",
      "processid" : ""
    },
    "stencil" : {
      "id" : "Exclusive_Databased_Gateway"
    },
    "outgoing" : [ {
      "resourceId" : "sid-43EA2EE8-E4C4-4DAB-95DF-7CAA3BC0259D"
    }, {
      "resourceId" : "sid-06ABA52F-9D23-4091-8782-E5D346CDF584"
    } ]
  }, {
    "dockers" : [ ],
    "bounds" : {
      "lowerRight" : {
        "y" : 335,
        "x" : 1170
      },
      "upperLeft" : {
        "y" : 255,
        "x" : 1070
      }
    },
    "resourceId" : "sid-D765C652-AF2F-4ADC-BA1F-CE48787F259B",
    "childShapes" : [ ],
    "properties" : {
      "resources" : "",
      "outmsgstructure" : "",
      "applyincalc" : true,
      "loopcardinality" : "",
      "bgcolor" : "#FFFFFF",
      "inmessagename" : "",
      "outmessagename" : "",
      "bordercolor" : "#000000",
      "time" : "",
      "loopmaximum" : "",
      "loopdataoutput" : "",
      "testbefore" : "",
      "callacitivity" : "",
      "outmsgiscollection" : "",
      "monitoring" : "",
      "operationname" : "",
      "dataoutputset" : "",
      "completionquantity" : 1,
      "properties" : "",
      "script" : "",
      "assignments" : "",
      "nonebehavioreventref" : "signal",
      "externaldocuments" : [ ],
      "scriptformat" : "",
      "datainputset" : "",
      "processid" : "",
      "tasktype" : "None",
      "startquantity" : 1,
      "looptype" : "None",
      "instantiate" : "",
      "behavior" : "all",
      "inmsgimport" : "",
      "costs" : "",
      "inputdataitem" : "",
      "loopdatainput" : "",
      "name" : "glossary://5c513a6a03f74f95b9ed8332327d4f7d/Physical Control;;",
      "outmsgitemkind" : "Information",
      "costcenter" : "",
      "completioncondition" : "",
      "isforcompensation" : "",
      "risklevel" : "",
      "inmsgiscollection" : "",
      "inmsgitemkind" : "Information",
      "messageref" : "",
      "outputdataitem" : "",
      "inmsgstructure" : "",
      "loopcondition" : "",
      "onebehavioreventref:" : "signal",
      "operationref" : "",
      "implementation" : "webService",
      "outmsgimport" : "",
      "documentation" : "",
      "name_glossary_dirty" : true,
      "categories" : "",
      "auditing" : "",
      "complexbehaviordefinition" : ""
    },
    "stencil" : {
      "id" : "Task"
    },
    "outgoing" : [ {
      "resourceId" : "sid-95724A8C-F32F-49C8-A2B2-5E816A101784"
    } ]
  }, {
    "dockers" : [ ],
    "bounds" : {
      "lowerRight" : {
        "y" : 315,
        "x" : 1260
      },
      "upperLeft" : {
        "y" : 275,
        "x" : 1220
      }
    },
    "resourceId" : "sid-4DEDAD32-2A3C-485E-81A5-D88F765722F9",
    "childShapes" : [ ],
    "properties" : {
      "xortype" : "Data",
      "monitoring" : "",
      "defaultgate" : "",
      "gatewaytype" : "XOR",
      "gates" : "",
      "assignments" : "",
      "bgcolor" : "#ffffff",
      "bordercolor" : "#000000",
      "pool" : "",
      "gate_assignments" : "",
      "markervisible" : "true",
      "name" : "",
      "documentation" : "",
      "gates_assignments" : "",
      "categories" : "",
      "gate_outgoingsequenceflow" : "",
      "auditing" : "",
      "lanes" : "",
      "gates_outgoingsequenceflow" : "",
      "processid" : ""
    },
    "stencil" : {
      "id" : "Exclusive_Databased_Gateway"
    },
    "outgoing" : [ {
      "resourceId" : "sid-566F8C51-7A30-40AA-B476-4723E54ECEFF"
    } ]
  }, {
    "dockers" : [ ],
    "bounds" : {
      "lowerRight" : {
        "y" : 335,
        "x" : 1445
      },
      "upperLeft" : {
        "y" : 255,
        "x" : 1345
      }
    },
    "resourceId" : "sid-D75E5DA3-F57B-4351-B200-585C6E3C2FCE",
    "childShapes" : [ ],
    "properties" : {
      "resources" : "",
      "outmsgstructure" : "",
      "applyincalc" : true,
      "loopcardinality" : "",
      "bgcolor" : "#FFFFFF",
      "inmessagename" : "",
      "outmessagename" : "",
      "bordercolor" : "#000000",
      "time" : "",
      "loopmaximum" : "",
      "loopdataoutput" : "",
      "testbefore" : "",
      "callacitivity" : "",
      "outmsgiscollection" : "",
      "monitoring" : "",
      "operationname" : "",
      "dataoutputset" : "",
      "completionquantity" : 1,
      "properties" : "",
      "script" : "",
      "assignments" : "",
      "nonebehavioreventref" : "signal",
      "externaldocuments" : [ ],
      "scriptformat" : "",
      "datainputset" : "",
      "processid" : "",
      "tasktype" : "None",
      "startquantity" : 1,
      "looptype" : "None",
      "instantiate" : "",
      "behavior" : "all",
      "inmsgimport" : "",
      "costs" : "",
      "inputdataitem" : "",
      "loopdatainput" : "",
      "name" : "glossary://318188729f204ae794c4de316f8ac565/Declaration Validation and Release Goods;;",
      "outmsgitemkind" : "Information",
      "costcenter" : "",
      "completioncondition" : "",
      "isforcompensation" : "",
      "risklevel" : "",
      "inmsgiscollection" : "",
      "inmsgitemkind" : "Information",
      "messageref" : "",
      "outputdataitem" : "",
      "inmsgstructure" : "",
      "loopcondition" : "",
      "onebehavioreventref:" : "signal",
      "operationref" : "",
      "implementation" : "webService",
      "outmsgimport" : "",
      "documentation" : "",
      "name_glossary_dirty" : false,
      "categories" : "",
      "auditing" : "",
      "complexbehaviordefinition" : ""
    },
    "stencil" : {
      "id" : "Task"
    },
    "outgoing" : [ {
      "resourceId" : "sid-061CCCDE-59DC-4E1D-AC11-C827EAEE3044"
    } ]
  }, {
    "dockers" : [ ],
    "bounds" : {
      "lowerRight" : {
        "y" : 309,
        "x" : 1553
      },
      "upperLeft" : {
        "y" : 281,
        "x" : 1525
      }
    },
    "resourceId" : "sid-6AE5F91D-8966-4C92-BF87-8E9D7EC8A36B",
    "childShapes" : [ ],
    "properties" : {
      "inputset" : "",
      "trigger" : "None",
      "bordercolor" : "#000000",
      "monitoring" : "",
      "datainputassociations" : "",
      "name" : "",
      "documentation" : "",
      "datainput" : "",
      "auditing" : "",
      "bgcolor" : "#ffffff"
    },
    "stencil" : {
      "id" : "EndNoneEvent"
    },
    "outgoing" : [ ]
  }, {
    "dockers" : [ ],
    "bounds" : {
      "lowerRight" : {
        "y" : 335,
        "x" : 955
      },
      "upperLeft" : {
        "y" : 255,
        "x" : 855
      }
    },
    "resourceId" : "sid-2D9F449B-697F-4DA3-997A-7A777499DEA7",
    "childShapes" : [ ],
    "properties" : {
      "resources" : "",
      "outmsgstructure" : "",
      "applyincalc" : true,
      "loopcardinality" : "",
      "bgcolor" : "#FFFFFF",
      "inmessagename" : "",
      "outmessagename" : "",
      "bordercolor" : "#000000",
      "time" : "",
      "loopmaximum" : "",
      "loopdataoutput" : "",
      "testbefore" : "",
      "callacitivity" : "",
      "outmsgiscollection" : "",
      "monitoring" : "",
      "operationname" : "",
      "dataoutputset" : "",
      "completionquantity" : 1,
      "properties" : "",
      "script" : "",
      "assignments" : "",
      "nonebehavioreventref" : "signal",
      "externaldocuments" : [ ],
      "scriptformat" : "",
      "datainputset" : "",
      "processid" : "",
      "startquantity" : 1,
      "tasktype" : "None",
      "looptype" : "None",
      "instantiate" : "",
      "behavior" : "all",
      "inmsgimport" : "",
      "costs" : "",
      "inputdataitem" : "",
      "loopdatainput" : "",
      "name" : "Make Inspection Decisson",
      "outmsgitemkind" : "Information",
      "costcenter" : "",
      "completioncondition" : "",
      "isforcompensation" : "",
      "risklevel" : "",
      "inmsgiscollection" : "",
      "inmsgitemkind" : "Information",
      "messageref" : "",
      "outputdataitem" : "",
      "inmsgstructure" : "",
      "loopcondition" : "",
      "onebehavioreventref:" : "signal",
      "operationref" : "",
      "implementation" : "webService",
      "outmsgimport" : "",
      "documentation" : "",
      "categories" : "",
      "auditing" : "",
      "complexbehaviordefinition" : ""
    },
    "stencil" : {
      "id" : "Task"
    },
    "outgoing" : [ {
      "resourceId" : "sid-C1D7E87C-551F-40A8-82EA-B257A6A31DB5"
    } ]
  }, {
    "dockers" : [ {
      "y" : 40,
      "x" : 50
    }, {
      "y" : 20.5,
      "x" : 20.5
    } ],
    "bounds" : {
      "lowerRight" : {
        "y" : 295.3851002224403,
        "x" : 974.7031402617
      },
      "upperLeft" : {
        "y" : 295.27624309392263,
        "x" : 955
      }
    },
    "resourceId" : "sid-C1D7E87C-551F-40A8-82EA-B257A6A31DB5",
    "target" : {
      "resourceId" : "sid-21628C40-7C0D-4A9C-B5F0-7558C6120BAD"
    },
    "childShapes" : [ ],
    "properties" : {
      "bordercolor" : "#000000",
      "showdiamondmarker" : "",
      "monitoring" : "",
      "name" : "",
      "documentation" : "",
      "probability" : "",
      "conditiontype" : "None",
      "conditionexpression" : "",
      "isimmediate" : "",
      "auditing" : ""
    },
    "stencil" : {
      "id" : "SequenceFlow"
    },
    "outgoing" : [ {
      "resourceId" : "sid-21628C40-7C0D-4A9C-B5F0-7558C6120BAD"
    } ]
  }, {
    "dockers" : [ {
      "y" : 40,
      "x" : 50
    }, {
      "y" : 14,
      "x" : 14
    } ],
    "bounds" : {
      "lowerRight" : {
        "y" : 295,
        "x" : 1524.5
      },
      "upperLeft" : {
        "y" : 295,
        "x" : 1445
      }
    },
    "resourceId" : "sid-061CCCDE-59DC-4E1D-AC11-C827EAEE3044",
    "target" : {
      "resourceId" : "sid-6AE5F91D-8966-4C92-BF87-8E9D7EC8A36B"
    },
    "childShapes" : [ ],
    "properties" : {
      "bordercolor" : "#000000",
      "showdiamondmarker" : "",
      "monitoring" : "",
      "name" : "",
      "documentation" : "",
      "probability" : "",
      "conditiontype" : "None",
      "conditionexpression" : "",
      "isimmediate" : "",
      "auditing" : ""
    },
    "stencil" : {
      "id" : "SequenceFlow"
    },
    "outgoing" : [ {
      "resourceId" : "sid-6AE5F91D-8966-4C92-BF87-8E9D7EC8A36B"
    } ]
  }, {
    "dockers" : [ {
      "y" : 20.5,
      "x" : 20.5
    }, {
      "y" : 40,
      "x" : 50
    } ],
    "bounds" : {
      "lowerRight" : {
        "y" : 295.43426377099223,
        "x" : 1344.5117239866029
      },
      "upperLeft" : {
        "y" : 295.16339247900777,
        "x" : 1260.8124947633971
      }
    },
    "resourceId" : "sid-566F8C51-7A30-40AA-B476-4723E54ECEFF",
    "target" : {
      "resourceId" : "sid-D75E5DA3-F57B-4351-B200-585C6E3C2FCE"
    },
    "childShapes" : [ ],
    "properties" : {
      "bordercolor" : "#000000",
      "showdiamondmarker" : "",
      "monitoring" : "",
      "name" : "",
      "documentation" : "",
      "probability" : "",
      "conditiontype" : "None",
      "conditionexpression" : "",
      "isimmediate" : "",
      "auditing" : ""
    },
    "stencil" : {
      "id" : "SequenceFlow"
    },
    "outgoing" : [ {
      "resourceId" : "sid-D75E5DA3-F57B-4351-B200-585C6E3C2FCE"
    } ]
  }, {
    "dockers" : [ {
      "y" : 20.5,
      "x" : 20.5
    }, {
      "y" : 40,
      "x" : 50
    } ],
    "bounds" : {
      "lowerRight" : {
        "y" : 295.4217652181297,
        "x" : 1069.3945393142885
      },
      "upperLeft" : {
        "y" : 295.2032347818703,
        "x" : 1014.9804606857115
      }
    },
    "resourceId" : "sid-43EA2EE8-E4C4-4DAB-95DF-7CAA3BC0259D",
    "labels" : [ {
      "to" : 1,
      "ref" : "text_name",
      "orientation" : "lr",
      "distance" : 18.208688500063854,
      "align" : "right",
      "from" : 0,
      "valign" : "bottom",
      "y" : 295.20854165994643,
      "x" : 1068.0731266733333
    } ],
    "target" : {
      "resourceId" : "sid-D765C652-AF2F-4ADC-BA1F-CE48787F259B"
    },
    "childShapes" : [ ],
    "properties" : {
      "bordercolor" : "#000000",
      "showdiamondmarker" : "",
      "monitoring" : "",
      "name" : "Inspection \nRequired",
      "documentation" : "",
      "probability" : "",
      "conditiontype" : "None",
      "conditionexpression" : "glossary://06324eeafd6942cda309b441f8d048c6/Physical Inspection Required;;",
      "isimmediate" : "",
      "auditing" : "",
      "conditionexpression_glossary_dirty" : false
    },
    "stencil" : {
      "id" : "SequenceFlow"
    },
    "outgoing" : [ {
      "resourceId" : "sid-D765C652-AF2F-4ADC-BA1F-CE48787F259B"
    } ]
  }, {
    "dockers" : [ {
      "y" : 20.5,
      "x" : 20.5
    }, {
      "y" : 405,
      "x" : 995.5
    }, {
      "y" : 405,
      "x" : 1240.5
    }, {
      "y" : 20.5,
      "x" : 20.5
    } ],
    "bounds" : {
      "lowerRight" : {
        "y" : 405,
        "x" : 1240.5
      },
      "upperLeft" : {
        "y" : 315,
        "x" : 995.5
      }
    },
    "resourceId" : "sid-06ABA52F-9D23-4091-8782-E5D346CDF584",
    "labels" : [ {
      "to" : 2,
      "ref" : "text_name",
      "orientation" : "ll",
      "distance" : 8,
      "align" : "left",
      "from" : 1,
      "valign" : "bottom",
      "y" : 405,
      "x" : 1016.4270833333334
    } ],
    "target" : {
      "resourceId" : "sid-4DEDAD32-2A3C-485E-81A5-D88F765722F9"
    },
    "childShapes" : [ ],
    "properties" : {
      "bordercolor" : "#000000",
      "showdiamondmarker" : "",
      "monitoring" : "",
      "name" : "Inspection not required",
      "documentation" : "",
      "probability" : "",
      "conditiontype" : "None",
      "conditionexpression" : "glossary://e78e28c230ef4b5b8c67bdb32995a068/Physical Inspection not required;;",
      "isimmediate" : "",
      "auditing" : "",
      "conditionexpression_glossary_dirty" : false
    },
    "stencil" : {
      "id" : "SequenceFlow"
    },
    "outgoing" : [ {
      "resourceId" : "sid-4DEDAD32-2A3C-485E-81A5-D88F765722F9"
    } ]
  }, {
    "dockers" : [ ],
    "bounds" : {
      "lowerRight" : {
        "y" : 315,
        "x" : 385
      },
      "upperLeft" : {
        "y" : 275,
        "x" : 345
      }
    },
    "resourceId" : "sid-81B5FFB0-DB7B-42B4-AC3E-8D68A6894DA7",
    "childShapes" : [ ],
    "properties" : {
      "xortype" : "Data",
      "monitoring" : "",
      "defaultgate" : "",
      "gatewaytype" : "XOR",
      "gates" : "",
      "assignments" : "",
      "bgcolor" : "#ffffff",
      "bordercolor" : "#000000",
      "pool" : "",
      "gate_assignments" : "",
      "markervisible" : "true",
      "name" : "",
      "documentation" : "",
      "gates_assignments" : "",
      "categories" : "",
      "gate_outgoingsequenceflow" : "",
      "auditing" : "",
      "lanes" : "",
      "gates_outgoingsequenceflow" : "",
      "processid" : ""
    },
    "stencil" : {
      "id" : "Exclusive_Databased_Gateway"
    },
    "outgoing" : [ {
      "resourceId" : "sid-56F91097-17C4-4D52-975C-1258F2C7A442"
    }, {
      "resourceId" : "sid-A541D93D-4C4D-4004-9708-5A3EBEEC4ACE"
    } ]
  }, {
    "dockers" : [ {
      "y" : 40,
      "x" : 50
    }, {
      "y" : 20.5,
      "x" : 20.5
    } ],
    "bounds" : {
      "lowerRight" : {
        "y" : 295.405671990154,
        "x" : 344.4648538043437
      },
      "upperLeft" : {
        "y" : 295.2242152466368,
        "x" : 304
      }
    },
    "resourceId" : "sid-E6CEF7CB-6CB5-45B8-924F-06DC8AA317A4",
    "target" : {
      "resourceId" : "sid-81B5FFB0-DB7B-42B4-AC3E-8D68A6894DA7"
    },
    "childShapes" : [ ],
    "properties" : {
      "bordercolor" : "#000000",
      "showdiamondmarker" : "",
      "monitoring" : "",
      "name" : "",
      "documentation" : "",
      "probability" : "",
      "conditiontype" : "None",
      "conditionexpression" : "",
      "isimmediate" : "",
      "auditing" : ""
    },
    "stencil" : {
      "id" : "SequenceFlow"
    },
    "outgoing" : [ {
      "resourceId" : "sid-81B5FFB0-DB7B-42B4-AC3E-8D68A6894DA7"
    } ]
  }, {
    "dockers" : [ ],
    "bounds" : {
      "lowerRight" : {
        "y" : 315,
        "x" : 665
      },
      "upperLeft" : {
        "y" : 275,
        "x" : 625
      }
    },
    "resourceId" : "sid-94D6B4D1-EA72-4383-B99D-5F68F1E80274",
    "childShapes" : [ ],
    "properties" : {
      "xortype" : "Data",
      "monitoring" : "",
      "defaultgate" : "",
      "gatewaytype" : "XOR",
      "gates" : "",
      "assignments" : "",
      "bgcolor" : "#ffffff",
      "bordercolor" : "#000000",
      "pool" : "",
      "gate_assignments" : "",
      "markervisible" : "true",
      "name" : "",
      "documentation" : "",
      "gates_assignments" : "",
      "categories" : "",
      "gate_outgoingsequenceflow" : "",
      "auditing" : "",
      "lanes" : "",
      "gates_outgoingsequenceflow" : "",
      "processid" : ""
    },
    "stencil" : {
      "id" : "Exclusive_Databased_Gateway"
    },
    "outgoing" : [ {
      "resourceId" : "sid-EE9905B2-FC92-4AE9-B6D7-DF70BE62C264"
    } ]
  }, {
    "dockers" : [ {
      "y" : 40,
      "x" : 50
    }, {
      "y" : 20.5,
      "x" : 20.5
    } ],
    "bounds" : {
      "lowerRight" : {
        "y" : 295.3932019696622,
        "x" : 625.1015762054828
      },
      "upperLeft" : {
        "y" : 295.26178010471205,
        "x" : 600
      }
    },
    "resourceId" : "sid-3D095730-3185-4A92-B745-5943EA228C49",
    "target" : {
      "resourceId" : "sid-94D6B4D1-EA72-4383-B99D-5F68F1E80274"
    },
    "childShapes" : [ ],
    "properties" : {
      "bordercolor" : "#000000",
      "showdiamondmarker" : "",
      "monitoring" : "",
      "name" : "",
      "documentation" : "",
      "probability" : "",
      "conditiontype" : "None",
      "conditionexpression" : "",
      "isimmediate" : "",
      "auditing" : ""
    },
    "stencil" : {
      "id" : "SequenceFlow"
    },
    "outgoing" : [ {
      "resourceId" : "sid-94D6B4D1-EA72-4383-B99D-5F68F1E80274"
    } ]
  }, {
    "dockers" : [ {
      "y" : 20.5,
      "x" : 20.5
    }, {
      "y" : 40,
      "x" : 50
    } ],
    "bounds" : {
      "lowerRight" : {
        "y" : 295.417690936206,
        "x" : 714.5195400032333
      },
      "upperLeft" : {
        "y" : 295.211215313794,
        "x" : 665.1718662467667
      }
    },
    "resourceId" : "sid-EE9905B2-FC92-4AE9-B6D7-DF70BE62C264",
    "target" : {
      "resourceId" : "sid-618F775C-63B8-4464-9621-EA46E03E3401"
    },
    "childShapes" : [ ],
    "properties" : {
      "bordercolor" : "#000000",
      "showdiamondmarker" : "",
      "monitoring" : "",
      "name" : "",
      "documentation" : "",
      "probability" : "",
      "conditiontype" : "None",
      "conditionexpression" : "",
      "isimmediate" : "",
      "auditing" : ""
    },
    "stencil" : {
      "id" : "SequenceFlow"
    },
    "outgoing" : [ {
      "resourceId" : "sid-618F775C-63B8-4464-9621-EA46E03E3401"
    } ]
  }, {
    "dockers" : [ {
      "y" : 20.5,
      "x" : 20.5
    }, {
      "y" : 218,
      "x" : 365.5
    }, {
      "y" : 218,
      "x" : 645.5
    }, {
      "y" : 20.5,
      "x" : 20.5
    } ],
    "bounds" : {
      "lowerRight" : {
        "y" : 274.51953125,
        "x" : 645.5
      },
      "upperLeft" : {
        "y" : 218,
        "x" : 365.5
      }
    },
    "resourceId" : "sid-A541D93D-4C4D-4004-9708-5A3EBEEC4ACE",
    "labels" : [ {
      "to" : 2,
      "ref" : "text_name",
      "orientation" : "ll",
      "distance" : 8,
      "align" : "left",
      "from" : 1,
      "valign" : "bottom",
      "y" : 218,
      "x" : 409
    } ],
    "target" : {
      "resourceId" : "sid-94D6B4D1-EA72-4383-B99D-5F68F1E80274"
    },
    "childShapes" : [ ],
    "properties" : {
      "bordercolor" : "#000000",
      "showdiamondmarker" : "",
      "monitoring" : "",
      "name" : "Document CHK Not Required",
      "documentation" : "",
      "probability" : "",
      "conditiontype" : "None",
      "conditionexpression" : "",
      "isimmediate" : "",
      "auditing" : ""
    },
    "stencil" : {
      "id" : "SequenceFlow"
    },
    "outgoing" : [ {
      "resourceId" : "sid-94D6B4D1-EA72-4383-B99D-5F68F1E80274"
    } ]
  }, {
    "dockers" : [ {
      "y" : 20.5,
      "x" : 20.5
    }, {
      "y" : 40,
      "x" : 50
    } ],
    "bounds" : {
      "lowerRight" : {
        "y" : 295.4465087328512,
        "x" : 499.9921911721032
      },
      "upperLeft" : {
        "y" : 295.1355225171488,
        "x" : 385.2382775778968
      }
    },
    "resourceId" : "sid-56F91097-17C4-4D52-975C-1258F2C7A442",
    "labels" : [ {
      "to" : 1,
      "ref" : "text_name",
      "orientation" : "ul",
      "distance" : -7.566367879370801,
      "align" : "left",
      "from" : 0,
      "valign" : "top",
      "y" : 295.433659905113,
      "x" : 389.979495013293
    } ],
    "target" : {
      "resourceId" : "sid-B064CF69-CACD-467D-A49F-F18A77645136"
    },
    "childShapes" : [ ],
    "properties" : {
      "bordercolor" : "#000000",
      "showdiamondmarker" : "",
      "monitoring" : "",
      "name" : "Document CHK\nRequired",
      "documentation" : "",
      "probability" : "",
      "conditiontype" : "None",
      "conditionexpression" : "",
      "isimmediate" : "",
      "auditing" : ""
    },
    "stencil" : {
      "id" : "SequenceFlow"
    },
    "outgoing" : [ {
      "resourceId" : "sid-B064CF69-CACD-467D-A49F-F18A77645136"
    } ]
  }, {
    "dockers" : [ {
      "y" : 40,
      "x" : 50
    }, {
      "y" : 40,
      "x" : 50
    } ],
    "bounds" : {
      "lowerRight" : {
        "y" : 295,
        "x" : 854.78125
      },
      "upperLeft" : {
        "y" : 295,
        "x" : 815
      }
    },
    "resourceId" : "sid-2C7A6B4F-047C-4049-BC09-7000153439C3",
    "target" : {
      "resourceId" : "sid-2D9F449B-697F-4DA3-997A-7A777499DEA7"
    },
    "childShapes" : [ ],
    "properties" : {
      "bordercolor" : "#000000",
      "showdiamondmarker" : "",
      "monitoring" : "",
      "name" : "",
      "documentation" : "",
      "probability" : "",
      "conditiontype" : "None",
      "conditionexpression" : "",
      "isimmediate" : "",
      "auditing" : ""
    },
    "stencil" : {
      "id" : "SequenceFlow"
    },
    "outgoing" : [ {
      "resourceId" : "sid-2D9F449B-697F-4DA3-997A-7A777499DEA7"
    } ]
  }, {
    "dockers" : [ {
      "y" : 40,
      "x" : 50
    }, {
      "y" : 20,
      "x" : 20
    } ],
    "bounds" : {
      "lowerRight" : {
        "y" : 295,
        "x" : 1220.25
      },
      "upperLeft" : {
        "y" : 295,
        "x" : 1170
      }
    },
    "resourceId" : "sid-95724A8C-F32F-49C8-A2B2-5E816A101784",
    "target" : {
      "resourceId" : "sid-4DEDAD32-2A3C-485E-81A5-D88F765722F9"
    },
    "childShapes" : [ ],
    "properties" : {
      "bordercolor" : "#000000",
      "showdiamondmarker" : "",
      "monitoring" : "",
      "name" : "",
      "documentation" : "",
      "probability" : "",
      "conditiontype" : "None",
      "conditionexpression" : "",
      "isimmediate" : "",
      "auditing" : ""
    },
    "stencil" : {
      "id" : "SequenceFlow"
    },
    "outgoing" : [ {
      "resourceId" : "sid-4DEDAD32-2A3C-485E-81A5-D88F765722F9"
    } ]
  }, {
    "dockers" : [ ],
    "bounds" : {
      "lowerRight" : {
        "y" : 335,
        "x" : 170
      },
      "upperLeft" : {
        "y" : 255,
        "x" : 70
      }
    },
    "resourceId" : "sid-8BC5DC88-490A-4B32-8903-0FA435ECD7FD",
    "childShapes" : [ ],
    "properties" : {
      "resources" : "",
      "outmsgstructure" : "",
      "applyincalc" : true,
      "loopcardinality" : "",
      "bgcolor" : "#FFFFFF",
      "inmessagename" : "",
      "outmessagename" : "",
      "bordercolor" : "#000000",
      "time" : "",
      "loopmaximum" : "",
      "loopdataoutput" : "",
      "testbefore" : "",
      "callacitivity" : "",
      "outmsgiscollection" : "",
      "monitoring" : "",
      "operationname" : "",
      "dataoutputset" : "",
      "completionquantity" : 1,
      "properties" : "",
      "script" : "",
      "assignments" : "",
      "nonebehavioreventref" : "signal",
      "externaldocuments" : "",
      "scriptformat" : "",
      "datainputset" : "",
      "processid" : "",
      "startquantity" : 1,
      "tasktype" : "None",
      "looptype" : "None",
      "instantiate" : "",
      "behavior" : "all",
      "inmsgimport" : "",
      "costs" : "",
      "inputdataitem" : "",
      "loopdatainput" : "",
      "name" : "Customs Declaration fill out, server registration, and print out",
      "outmsgitemkind" : "Information",
      "costcenter" : "",
      "completioncondition" : "",
      "isforcompensation" : "",
      "risklevel" : "",
      "inmsgiscollection" : "",
      "inmsgitemkind" : "Information",
      "messageref" : "",
      "outputdataitem" : "",
      "inmsgstructure" : "",
      "loopcondition" : "",
      "onebehavioreventref:" : "signal",
      "operationref" : "",
      "implementation" : "webService",
      "outmsgimport" : "",
      "documentation" : "",
      "categories" : "",
      "auditing" : "",
      "complexbehaviordefinition" : ""
    },
    "stencil" : {
      "id" : "Task"
    },
    "outgoing" : [ {
      "resourceId" : "sid-761508C9-8F82-4398-90E5-45A97DE6DF22"
    } ]
  }, {
    "dockers" : [ {
      "y" : 15,
      "x" : 15
    }, {
      "y" : 40,
      "x" : 50
    } ],
    "bounds" : {
      "lowerRight" : {
        "y" : 295,
        "x" : 69.78125
      },
      "upperLeft" : {
        "y" : 295,
        "x" : 45.0625
      }
    },
    "resourceId" : "sid-9FCBF76D-5F1B-46F2-8557-618CB0EE647D",
    "target" : {
      "resourceId" : "sid-8BC5DC88-490A-4B32-8903-0FA435ECD7FD"
    },
    "childShapes" : [ ],
    "properties" : {
      "bordercolor" : "#000000",
      "showdiamondmarker" : "",
      "monitoring" : "",
      "name" : "",
      "documentation" : "",
      "probability" : "",
      "conditiontype" : "None",
      "conditionexpression" : "",
      "isimmediate" : "",
      "auditing" : ""
    },
    "stencil" : {
      "id" : "SequenceFlow"
    },
    "outgoing" : [ {
      "resourceId" : "sid-8BC5DC88-490A-4B32-8903-0FA435ECD7FD"
    } ]
  }, {
    "dockers" : [ {
      "y" : 40,
      "x" : 50
    }, {
      "y" : 40,
      "x" : 50
    } ],
    "bounds" : {
      "lowerRight" : {
        "y" : 295,
        "x" : 203.796875
      },
      "upperLeft" : {
        "y" : 295,
        "x" : 170
      }
    },
    "resourceId" : "sid-761508C9-8F82-4398-90E5-45A97DE6DF22",
    "target" : {
      "resourceId" : "sid-E3FF4034-587E-4E01-A09A-EF97C34E6607"
    },
    "childShapes" : [ ],
    "properties" : {
      "bordercolor" : "#000000",
      "showdiamondmarker" : "",
      "monitoring" : "",
      "name" : "",
      "documentation" : "",
      "probability" : "",
      "conditiontype" : "None",
      "conditionexpression" : "",
      "isimmediate" : "",
      "auditing" : ""
    },
    "stencil" : {
      "id" : "SequenceFlow"
    },
    "outgoing" : [ {
      "resourceId" : "sid-E3FF4034-587E-4E01-A09A-EF97C34E6607"
    } ]
  } ],
  "properties" : {
    "orientation" : "horizontal",
    "monitoring" : "",
    "modificationdate" : "",
    "namespaces" : "",
    "creationdate" : "",
    "version" : "",
    "author" : "",
    "targetnamespace" : "http://www.signavio.com/bpmn20",
    "name" : "",
    "documentation" : "",
    "language" : "English",
    "auditing" : "",
    "expressionlanguage" : "http://www.w3.org/1999/XPath",
    "typelanguage" : "http://www.w3.org/2001/XMLSchema"
  },
  "offset" : {
    "y" : 11,
    "x" : 0
  },
  "ssextensions" : [ "http://oryx-editor.org/stencilsets/extensions/bpmn2.0basicsubset#" ],
  "stencilset" : {
    "url" : "/stencilsets/bpmn2.0/bpmn2.0.json?version=6.0.0",
    "namespace" : "http://b3mn.org/stencilset/bpmn2.0#"
  },
  "stencil" : {
    "id" : "BPMNDiagram"
  }
}