{
  "bounds" : {
    "lowerRight" : {
      "y" : 1050,
      "x" : 1763
    },
    "upperLeft" : {
      "y" : 0,
      "x" : 0
    }
  },
  "resourceId" : "canvas",
  "childShapes" : [ {
    "dockers" : [ ],
    "bounds" : {
      "lowerRight" : {
        "y" : 265,
        "x" : 195
      },
      "upperLeft" : {
        "y" : 235,
        "x" : 165
      }
    },
    "resourceId" : "sid-89E51157-60FC-496B-8492-D503767D9F95",
    "childShapes" : [ ],
    "properties" : {
      "trigger" : "None",
      "bordercolor" : "#000000",
      "monitoring" : "",
      "dataoutputassociations" : "",
      "outputset" : "",
      "name" : "",
      "dataoutput" : "",
      "documentation" : "",
      "applyincalc" : true,
      "frequency" : "",
      "auditing" : "",
      "bgcolor" : "#ffffff",
      "processid" : ""
    },
    "stencil" : {
      "id" : "StartNoneEvent"
    },
    "outgoing" : [ {
      "resourceId" : "sid-831AE488-D5DD-4438-89A2-D6924325139A"
    } ]
  }, {
    "dockers" : [ ],
    "bounds" : {
      "lowerRight" : {
        "y" : 290,
        "x" : 340
      },
      "upperLeft" : {
        "y" : 210,
        "x" : 240
      }
    },
    "resourceId" : "sid-E3FF4034-587E-4E01-A09A-EF97C34E6607",
    "childShapes" : [ ],
    "properties" : {
      "resources" : "",
      "outmsgstructure" : "",
      "applyincalc" : true,
      "loopcardinality" : "",
      "bgcolor" : "#FFFFFF",
      "inmessagename" : "",
      "outmessagename" : "",
      "bordercolor" : "#000000",
      "time" : "",
      "loopmaximum" : "",
      "loopdataoutput" : "",
      "testbefore" : "",
      "callacitivity" : "",
      "outmsgiscollection" : "",
      "monitoring" : "",
      "operationname" : "",
      "dataoutputset" : "",
      "completionquantity" : 1,
      "properties" : "",
      "script" : "",
      "assignments" : "",
      "nonebehavioreventref" : "signal",
      "externaldocuments" : [ ],
      "scriptformat" : "",
      "datainputset" : "",
      "processid" : "",
      "tasktype" : "None",
      "startquantity" : 1,
      "looptype" : "None",
      "instantiate" : "",
      "behavior" : "all",
      "inmsgimport" : "",
      "costs" : "",
      "inputdataitem" : "",
      "loopdatainput" : "",
      "name" : "glossary://91e637c1e383489982b7304cebe5cab0/Register Custom Declaration and support. Documents;;",
      "outmsgitemkind" : "Information",
      "costcenter" : "",
      "completioncondition" : "",
      "isforcompensation" : "",
      "risklevel" : "",
      "inmsgiscollection" : "",
      "inmsgitemkind" : "Information",
      "messageref" : "",
      "outputdataitem" : "",
      "inmsgstructure" : "",
      "loopcondition" : "",
      "onebehavioreventref:" : "signal",
      "operationref" : "",
      "implementation" : "webService",
      "outmsgimport" : "",
      "documentation" : "",
      "name_glossary_dirty" : true,
      "categories" : "",
      "auditing" : "",
      "complexbehaviordefinition" : ""
    },
    "stencil" : {
      "id" : "Task"
    },
    "outgoing" : [ {
      "resourceId" : "sid-EA6A5A4F-C554-4122-9F2B-98CE4F00C330"
    } ]
  }, {
    "dockers" : [ {
      "y" : 15,
      "x" : 15
    }, {
      "y" : 40,
      "x" : 50
    } ],
    "bounds" : {
      "lowerRight" : {
        "y" : 250,
        "x" : 239.15625
      },
      "upperLeft" : {
        "y" : 250,
        "x" : 195.609375
      }
    },
    "resourceId" : "sid-831AE488-D5DD-4438-89A2-D6924325139A",
    "target" : {
      "resourceId" : "sid-E3FF4034-587E-4E01-A09A-EF97C34E6607"
    },
    "childShapes" : [ ],
    "properties" : {
      "bordercolor" : "#000000",
      "showdiamondmarker" : "",
      "monitoring" : "",
      "name" : "",
      "documentation" : "",
      "probability" : "",
      "conditiontype" : "None",
      "conditionexpression" : "",
      "isimmediate" : "",
      "auditing" : ""
    },
    "stencil" : {
      "id" : "SequenceFlow"
    },
    "outgoing" : [ {
      "resourceId" : "sid-E3FF4034-587E-4E01-A09A-EF97C34E6607"
    } ]
  }, {
    "dockers" : [ ],
    "bounds" : {
      "lowerRight" : {
        "y" : 290,
        "x" : 485
      },
      "upperLeft" : {
        "y" : 210,
        "x" : 385
      }
    },
    "resourceId" : "sid-B064CF69-CACD-467D-A49F-F18A77645136",
    "childShapes" : [ ],
    "properties" : {
      "resources" : "",
      "outmsgstructure" : "",
      "applyincalc" : true,
      "loopcardinality" : "",
      "bgcolor" : "#FFFFFF",
      "inmessagename" : "",
      "outmessagename" : "",
      "bordercolor" : "#000000",
      "time" : "",
      "loopmaximum" : "",
      "loopdataoutput" : "",
      "testbefore" : "",
      "callacitivity" : "",
      "outmsgiscollection" : "",
      "monitoring" : "",
      "operationname" : "",
      "dataoutputset" : "",
      "completionquantity" : 1,
      "properties" : "",
      "script" : "",
      "assignments" : "",
      "nonebehavioreventref" : "signal",
      "externaldocuments" : [ ],
      "scriptformat" : "",
      "datainputset" : "",
      "processid" : "",
      "tasktype" : "None",
      "startquantity" : 1,
      "looptype" : "None",
      "instantiate" : "",
      "behavior" : "all",
      "inmsgimport" : "",
      "costs" : "",
      "inputdataitem" : "",
      "loopdatainput" : "",
      "name" : "glossary://bc5bd4edaa92490bba0b075c85abcd3f/Document Checking;;",
      "outmsgitemkind" : "Information",
      "costcenter" : "",
      "completioncondition" : "",
      "isforcompensation" : "",
      "risklevel" : "",
      "inmsgiscollection" : "",
      "inmsgitemkind" : "Information",
      "messageref" : "",
      "outputdataitem" : "",
      "inmsgstructure" : "",
      "loopcondition" : "",
      "onebehavioreventref:" : "signal",
      "operationref" : "",
      "implementation" : "webService",
      "outmsgimport" : "",
      "documentation" : "",
      "name_glossary_dirty" : false,
      "categories" : "",
      "auditing" : "",
      "complexbehaviordefinition" : ""
    },
    "stencil" : {
      "id" : "Task"
    },
    "outgoing" : [ {
      "resourceId" : "sid-26EA608A-2331-4D90-AF81-92D12AC986F0"
    } ]
  }, {
    "dockers" : [ {
      "y" : 40,
      "x" : 50
    }, {
      "y" : 40,
      "x" : 50
    } ],
    "bounds" : {
      "lowerRight" : {
        "y" : 250,
        "x" : 384.15625
      },
      "upperLeft" : {
        "y" : 250,
        "x" : 340
      }
    },
    "resourceId" : "sid-EA6A5A4F-C554-4122-9F2B-98CE4F00C330",
    "target" : {
      "resourceId" : "sid-B064CF69-CACD-467D-A49F-F18A77645136"
    },
    "childShapes" : [ ],
    "properties" : {
      "bordercolor" : "#000000",
      "showdiamondmarker" : "",
      "monitoring" : "",
      "name" : "",
      "documentation" : "",
      "probability" : "",
      "conditiontype" : "None",
      "conditionexpression" : "",
      "isimmediate" : "",
      "auditing" : ""
    },
    "stencil" : {
      "id" : "SequenceFlow"
    },
    "outgoing" : [ {
      "resourceId" : "sid-B064CF69-CACD-467D-A49F-F18A77645136"
    } ]
  }, {
    "dockers" : [ ],
    "bounds" : {
      "lowerRight" : {
        "y" : 290,
        "x" : 635
      },
      "upperLeft" : {
        "y" : 210,
        "x" : 535
      }
    },
    "resourceId" : "sid-4194B95C-8563-47B3-9E48-3831A3CBCBA8",
    "childShapes" : [ ],
    "properties" : {
      "resources" : "",
      "outmsgstructure" : "",
      "applyincalc" : true,
      "loopcardinality" : "",
      "bgcolor" : "#FFFFFF",
      "inmessagename" : "",
      "outmessagename" : "",
      "bordercolor" : "#000000",
      "time" : "",
      "loopmaximum" : "",
      "loopdataoutput" : "",
      "testbefore" : "",
      "callacitivity" : "",
      "outmsgiscollection" : "",
      "monitoring" : "",
      "operationname" : "",
      "dataoutputset" : "",
      "completionquantity" : 1,
      "properties" : "",
      "script" : "",
      "assignments" : "",
      "nonebehavioreventref" : "signal",
      "externaldocuments" : [ ],
      "scriptformat" : "",
      "datainputset" : "",
      "processid" : "",
      "tasktype" : "None",
      "startquantity" : 1,
      "looptype" : "None",
      "instantiate" : "",
      "behavior" : "all",
      "inmsgimport" : "",
      "costs" : "",
      "inputdataitem" : "",
      "loopdatainput" : "",
      "name" : "glossary://0625872bf0ab4cdcbfc630f9c68f341c/Payment of Duties and taxes;;",
      "outmsgitemkind" : "Information",
      "costcenter" : "",
      "completioncondition" : "",
      "isforcompensation" : "",
      "risklevel" : "",
      "inmsgiscollection" : "",
      "inmsgitemkind" : "Information",
      "messageref" : "",
      "outputdataitem" : "",
      "inmsgstructure" : "",
      "loopcondition" : "",
      "onebehavioreventref:" : "signal",
      "operationref" : "",
      "implementation" : "webService",
      "outmsgimport" : "",
      "documentation" : "",
      "name_glossary_dirty" : true,
      "categories" : "",
      "auditing" : "",
      "complexbehaviordefinition" : ""
    },
    "stencil" : {
      "id" : "Task"
    },
    "outgoing" : [ {
      "resourceId" : "sid-9B93ACB4-CE1A-4B1B-A0B1-19100DB4A427"
    } ]
  }, {
    "dockers" : [ ],
    "bounds" : {
      "lowerRight" : {
        "y" : 270,
        "x" : 860
      },
      "upperLeft" : {
        "y" : 230,
        "x" : 820
      }
    },
    "resourceId" : "sid-21628C40-7C0D-4A9C-B5F0-7558C6120BAD",
    "childShapes" : [ ],
    "properties" : {
      "xortype" : "Data",
      "monitoring" : "",
      "defaultgate" : "",
      "gatewaytype" : "XOR",
      "gates" : "",
      "assignments" : "",
      "bgcolor" : "#ffffff",
      "bordercolor" : "#000000",
      "pool" : "",
      "gate_assignments" : "",
      "markervisible" : "true",
      "name" : "",
      "documentation" : "",
      "gates_assignments" : "",
      "categories" : "",
      "gate_outgoingsequenceflow" : "",
      "auditing" : "",
      "lanes" : "",
      "gates_outgoingsequenceflow" : "",
      "processid" : ""
    },
    "stencil" : {
      "id" : "Exclusive_Databased_Gateway"
    },
    "outgoing" : [ {
      "resourceId" : "sid-43EA2EE8-E4C4-4DAB-95DF-7CAA3BC0259D"
    }, {
      "resourceId" : "sid-06ABA52F-9D23-4091-8782-E5D346CDF584"
    } ]
  }, {
    "dockers" : [ ],
    "bounds" : {
      "lowerRight" : {
        "y" : 290,
        "x" : 1015
      },
      "upperLeft" : {
        "y" : 210,
        "x" : 915
      }
    },
    "resourceId" : "sid-D765C652-AF2F-4ADC-BA1F-CE48787F259B",
    "childShapes" : [ ],
    "properties" : {
      "resources" : "",
      "outmsgstructure" : "",
      "applyincalc" : true,
      "loopcardinality" : "",
      "bgcolor" : "#FFFFFF",
      "inmessagename" : "",
      "outmessagename" : "",
      "bordercolor" : "#000000",
      "time" : "",
      "loopmaximum" : "",
      "loopdataoutput" : "",
      "testbefore" : "",
      "callacitivity" : "",
      "outmsgiscollection" : "",
      "monitoring" : "",
      "operationname" : "",
      "dataoutputset" : "",
      "completionquantity" : 1,
      "properties" : "",
      "script" : "",
      "assignments" : "",
      "nonebehavioreventref" : "signal",
      "externaldocuments" : [ ],
      "scriptformat" : "",
      "datainputset" : "",
      "processid" : "",
      "tasktype" : "None",
      "startquantity" : 1,
      "looptype" : "None",
      "instantiate" : "",
      "behavior" : "all",
      "inmsgimport" : "",
      "costs" : "",
      "inputdataitem" : "",
      "loopdatainput" : "",
      "name" : "glossary://5c513a6a03f74f95b9ed8332327d4f7d/Move goods to check site;;",
      "outmsgitemkind" : "Information",
      "costcenter" : "",
      "completioncondition" : "",
      "isforcompensation" : "",
      "risklevel" : "",
      "inmsgiscollection" : "",
      "inmsgitemkind" : "Information",
      "messageref" : "",
      "outputdataitem" : "",
      "inmsgstructure" : "",
      "loopcondition" : "",
      "onebehavioreventref:" : "signal",
      "operationref" : "",
      "implementation" : "webService",
      "outmsgimport" : "",
      "documentation" : "",
      "name_glossary_dirty" : true,
      "categories" : "",
      "auditing" : "",
      "complexbehaviordefinition" : ""
    },
    "stencil" : {
      "id" : "Task"
    },
    "outgoing" : [ {
      "resourceId" : "sid-89E7D3EB-D32A-44F5-A643-3CBFA5516B90"
    } ]
  }, {
    "dockers" : [ ],
    "bounds" : {
      "lowerRight" : {
        "y" : 270,
        "x" : 1250
      },
      "upperLeft" : {
        "y" : 230,
        "x" : 1210
      }
    },
    "resourceId" : "sid-4DEDAD32-2A3C-485E-81A5-D88F765722F9",
    "childShapes" : [ ],
    "properties" : {
      "xortype" : "Data",
      "monitoring" : "",
      "defaultgate" : "",
      "gatewaytype" : "XOR",
      "gates" : "",
      "assignments" : "",
      "bgcolor" : "#ffffff",
      "bordercolor" : "#000000",
      "pool" : "",
      "gate_assignments" : "",
      "markervisible" : "true",
      "name" : "",
      "documentation" : "",
      "gates_assignments" : "",
      "categories" : "",
      "gate_outgoingsequenceflow" : "",
      "auditing" : "",
      "lanes" : "",
      "gates_outgoingsequenceflow" : "",
      "processid" : ""
    },
    "stencil" : {
      "id" : "Exclusive_Databased_Gateway"
    },
    "outgoing" : [ {
      "resourceId" : "sid-566F8C51-7A30-40AA-B476-4723E54ECEFF"
    } ]
  }, {
    "dockers" : [ ],
    "bounds" : {
      "lowerRight" : {
        "y" : 290,
        "x" : 1390
      },
      "upperLeft" : {
        "y" : 210,
        "x" : 1290
      }
    },
    "resourceId" : "sid-D75E5DA3-F57B-4351-B200-585C6E3C2FCE",
    "childShapes" : [ ],
    "properties" : {
      "resources" : "",
      "outmsgstructure" : "",
      "applyincalc" : true,
      "loopcardinality" : "",
      "bgcolor" : "#FFFFFF",
      "inmessagename" : "",
      "outmessagename" : "",
      "bordercolor" : "#000000",
      "time" : "",
      "loopmaximum" : "",
      "loopdataoutput" : "",
      "testbefore" : "",
      "callacitivity" : "",
      "outmsgiscollection" : "",
      "monitoring" : "",
      "operationname" : "",
      "dataoutputset" : "",
      "completionquantity" : 1,
      "properties" : "",
      "script" : "",
      "assignments" : "",
      "nonebehavioreventref" : "signal",
      "externaldocuments" : [ ],
      "scriptformat" : "",
      "datainputset" : "",
      "processid" : "",
      "tasktype" : "None",
      "startquantity" : 1,
      "looptype" : "None",
      "instantiate" : "",
      "behavior" : "all",
      "inmsgimport" : "",
      "costs" : "",
      "inputdataitem" : "",
      "loopdatainput" : "",
      "name" : "glossary://318188729f204ae794c4de316f8ac565/Release Goods;;",
      "outmsgitemkind" : "Information",
      "costcenter" : "",
      "completioncondition" : "",
      "isforcompensation" : "",
      "risklevel" : "",
      "inmsgiscollection" : "",
      "inmsgitemkind" : "Information",
      "messageref" : "",
      "outputdataitem" : "",
      "inmsgstructure" : "",
      "loopcondition" : "",
      "onebehavioreventref:" : "signal",
      "operationref" : "",
      "implementation" : "webService",
      "outmsgimport" : "",
      "documentation" : "",
      "name_glossary_dirty" : false,
      "categories" : "",
      "auditing" : "",
      "complexbehaviordefinition" : ""
    },
    "stencil" : {
      "id" : "Task"
    },
    "outgoing" : [ {
      "resourceId" : "sid-061CCCDE-59DC-4E1D-AC11-C827EAEE3044"
    } ]
  }, {
    "dockers" : [ ],
    "bounds" : {
      "lowerRight" : {
        "y" : 264,
        "x" : 1468
      },
      "upperLeft" : {
        "y" : 236,
        "x" : 1440
      }
    },
    "resourceId" : "sid-6AE5F91D-8966-4C92-BF87-8E9D7EC8A36B",
    "childShapes" : [ ],
    "properties" : {
      "inputset" : "",
      "trigger" : "None",
      "bordercolor" : "#000000",
      "monitoring" : "",
      "datainputassociations" : "",
      "name" : "",
      "documentation" : "",
      "datainput" : "",
      "auditing" : "",
      "bgcolor" : "#ffffff"
    },
    "stencil" : {
      "id" : "EndNoneEvent"
    },
    "outgoing" : [ ]
  }, {
    "dockers" : [ ],
    "bounds" : {
      "lowerRight" : {
        "y" : 290,
        "x" : 780
      },
      "upperLeft" : {
        "y" : 210,
        "x" : 680
      }
    },
    "resourceId" : "sid-2D9F449B-697F-4DA3-997A-7A777499DEA7",
    "childShapes" : [ ],
    "properties" : {
      "resources" : "",
      "outmsgstructure" : "",
      "applyincalc" : true,
      "loopcardinality" : "",
      "bgcolor" : "#FFFFFF",
      "inmessagename" : "",
      "outmessagename" : "",
      "bordercolor" : "#000000",
      "time" : "",
      "loopmaximum" : "",
      "loopdataoutput" : "",
      "testbefore" : "",
      "callacitivity" : "",
      "outmsgiscollection" : "",
      "monitoring" : "",
      "operationname" : "",
      "dataoutputset" : "",
      "completionquantity" : 1,
      "properties" : "",
      "script" : "",
      "assignments" : "",
      "nonebehavioreventref" : "signal",
      "externaldocuments" : [ ],
      "scriptformat" : "",
      "datainputset" : "",
      "processid" : "",
      "startquantity" : 1,
      "tasktype" : "None",
      "looptype" : "None",
      "instantiate" : "",
      "behavior" : "all",
      "inmsgimport" : "",
      "costs" : "",
      "inputdataitem" : "",
      "loopdatainput" : "",
      "name" : "Make Inspection Decisson",
      "outmsgitemkind" : "Information",
      "costcenter" : "",
      "completioncondition" : "",
      "isforcompensation" : "",
      "risklevel" : "",
      "inmsgiscollection" : "",
      "inmsgitemkind" : "Information",
      "messageref" : "",
      "outputdataitem" : "",
      "inmsgstructure" : "",
      "loopcondition" : "",
      "onebehavioreventref:" : "signal",
      "operationref" : "",
      "implementation" : "webService",
      "outmsgimport" : "",
      "documentation" : "",
      "categories" : "",
      "auditing" : "",
      "complexbehaviordefinition" : ""
    },
    "stencil" : {
      "id" : "Task"
    },
    "outgoing" : [ {
      "resourceId" : "sid-C1D7E87C-551F-40A8-82EA-B257A6A31DB5"
    } ]
  }, {
    "dockers" : [ {
      "y" : 40,
      "x" : 50
    }, {
      "y" : 40,
      "x" : 50
    } ],
    "bounds" : {
      "lowerRight" : {
        "y" : 250,
        "x" : 679.15625
      },
      "upperLeft" : {
        "y" : 250,
        "x" : 635
      }
    },
    "resourceId" : "sid-9B93ACB4-CE1A-4B1B-A0B1-19100DB4A427",
    "target" : {
      "resourceId" : "sid-2D9F449B-697F-4DA3-997A-7A777499DEA7"
    },
    "childShapes" : [ ],
    "properties" : {
      "bordercolor" : "#000000",
      "showdiamondmarker" : "",
      "monitoring" : "",
      "name" : "",
      "documentation" : "",
      "probability" : "",
      "conditiontype" : "None",
      "conditionexpression" : "",
      "isimmediate" : "",
      "auditing" : ""
    },
    "stencil" : {
      "id" : "SequenceFlow"
    },
    "outgoing" : [ {
      "resourceId" : "sid-2D9F449B-697F-4DA3-997A-7A777499DEA7"
    } ]
  }, {
    "dockers" : [ {
      "y" : 40,
      "x" : 50
    }, {
      "y" : 20.5,
      "x" : 20.5
    } ],
    "bounds" : {
      "lowerRight" : {
        "y" : 250.40563140944408,
        "x" : 819.6445414871434
      },
      "upperLeft" : {
        "y" : 250.2262443438914,
        "x" : 780
      }
    },
    "resourceId" : "sid-C1D7E87C-551F-40A8-82EA-B257A6A31DB5",
    "target" : {
      "resourceId" : "sid-21628C40-7C0D-4A9C-B5F0-7558C6120BAD"
    },
    "childShapes" : [ ],
    "properties" : {
      "bordercolor" : "#000000",
      "showdiamondmarker" : "",
      "monitoring" : "",
      "name" : "",
      "documentation" : "",
      "probability" : "",
      "conditiontype" : "None",
      "conditionexpression" : "",
      "isimmediate" : "",
      "auditing" : ""
    },
    "stencil" : {
      "id" : "SequenceFlow"
    },
    "outgoing" : [ {
      "resourceId" : "sid-21628C40-7C0D-4A9C-B5F0-7558C6120BAD"
    } ]
  }, {
    "dockers" : [ {
      "y" : 40,
      "x" : 50
    }, {
      "y" : 14,
      "x" : 14
    } ],
    "bounds" : {
      "lowerRight" : {
        "y" : 250,
        "x" : 1439.640625
      },
      "upperLeft" : {
        "y" : 250,
        "x" : 1390
      }
    },
    "resourceId" : "sid-061CCCDE-59DC-4E1D-AC11-C827EAEE3044",
    "target" : {
      "resourceId" : "sid-6AE5F91D-8966-4C92-BF87-8E9D7EC8A36B"
    },
    "childShapes" : [ ],
    "properties" : {
      "bordercolor" : "#000000",
      "showdiamondmarker" : "",
      "monitoring" : "",
      "name" : "",
      "documentation" : "",
      "probability" : "",
      "conditiontype" : "None",
      "conditionexpression" : "",
      "isimmediate" : "",
      "auditing" : ""
    },
    "stencil" : {
      "id" : "SequenceFlow"
    },
    "outgoing" : [ {
      "resourceId" : "sid-6AE5F91D-8966-4C92-BF87-8E9D7EC8A36B"
    } ]
  }, {
    "dockers" : [ {
      "y" : 20.5,
      "x" : 20.5
    }, {
      "y" : 40,
      "x" : 50
    } ],
    "bounds" : {
      "lowerRight" : {
        "y" : 250.40949633755696,
        "x" : 1289.382822924974
      },
      "upperLeft" : {
        "y" : 250.23112866244304,
        "x" : 1250.320302075026
      }
    },
    "resourceId" : "sid-566F8C51-7A30-40AA-B476-4723E54ECEFF",
    "target" : {
      "resourceId" : "sid-D75E5DA3-F57B-4351-B200-585C6E3C2FCE"
    },
    "childShapes" : [ ],
    "properties" : {
      "bordercolor" : "#000000",
      "showdiamondmarker" : "",
      "monitoring" : "",
      "name" : "",
      "documentation" : "",
      "probability" : "",
      "conditiontype" : "None",
      "conditionexpression" : "",
      "isimmediate" : "",
      "auditing" : ""
    },
    "stencil" : {
      "id" : "SequenceFlow"
    },
    "outgoing" : [ {
      "resourceId" : "sid-D75E5DA3-F57B-4351-B200-585C6E3C2FCE"
    } ]
  }, {
    "dockers" : [ ],
    "bounds" : {
      "lowerRight" : {
        "y" : 290,
        "x" : 1160
      },
      "upperLeft" : {
        "y" : 210,
        "x" : 1060
      }
    },
    "resourceId" : "sid-7EEC78AA-2EA0-4E58-9CCC-D0C4E7B0BA45",
    "childShapes" : [ ],
    "properties" : {
      "resources" : "",
      "outmsgstructure" : "",
      "applyincalc" : true,
      "loopcardinality" : "",
      "bgcolor" : "#FFFFFF",
      "inmessagename" : "",
      "outmessagename" : "",
      "bordercolor" : "#000000",
      "time" : "",
      "loopmaximum" : "",
      "loopdataoutput" : "",
      "testbefore" : "",
      "callacitivity" : "",
      "outmsgiscollection" : "",
      "monitoring" : "",
      "operationname" : "",
      "dataoutputset" : "",
      "completionquantity" : 1,
      "properties" : "",
      "script" : "",
      "assignments" : "",
      "nonebehavioreventref" : "signal",
      "externaldocuments" : [ ],
      "scriptformat" : "",
      "datainputset" : "",
      "processid" : "",
      "startquantity" : 1,
      "tasktype" : "None",
      "looptype" : "None",
      "instantiate" : "",
      "behavior" : "all",
      "inmsgimport" : "",
      "costs" : "",
      "inputdataitem" : "",
      "loopdatainput" : "",
      "name" : "Cargo check and check charges paid to port authority",
      "outmsgitemkind" : "Information",
      "costcenter" : "",
      "completioncondition" : "",
      "isforcompensation" : "",
      "risklevel" : "",
      "inmsgiscollection" : "",
      "inmsgitemkind" : "Information",
      "messageref" : "",
      "outputdataitem" : "",
      "inmsgstructure" : "",
      "loopcondition" : "",
      "onebehavioreventref:" : "signal",
      "operationref" : "",
      "implementation" : "webService",
      "outmsgimport" : "",
      "documentation" : "",
      "categories" : "",
      "auditing" : "",
      "complexbehaviordefinition" : ""
    },
    "stencil" : {
      "id" : "Task"
    },
    "outgoing" : [ {
      "resourceId" : "sid-C4646B38-2AAB-42E1-8230-477874F48C3A"
    } ]
  }, {
    "dockers" : [ {
      "y" : 40,
      "x" : 50
    }, {
      "y" : 40,
      "x" : 50
    } ],
    "bounds" : {
      "lowerRight" : {
        "y" : 250,
        "x" : 1059.15625
      },
      "upperLeft" : {
        "y" : 250,
        "x" : 1015
      }
    },
    "resourceId" : "sid-89E7D3EB-D32A-44F5-A643-3CBFA5516B90",
    "target" : {
      "resourceId" : "sid-7EEC78AA-2EA0-4E58-9CCC-D0C4E7B0BA45"
    },
    "childShapes" : [ ],
    "properties" : {
      "bordercolor" : "#000000",
      "showdiamondmarker" : "",
      "monitoring" : "",
      "name" : "",
      "documentation" : "",
      "probability" : "",
      "conditiontype" : "None",
      "conditionexpression" : "",
      "isimmediate" : "",
      "auditing" : ""
    },
    "stencil" : {
      "id" : "SequenceFlow"
    },
    "outgoing" : [ {
      "resourceId" : "sid-7EEC78AA-2EA0-4E58-9CCC-D0C4E7B0BA45"
    } ]
  }, {
    "dockers" : [ {
      "y" : 40,
      "x" : 50
    }, {
      "y" : 20.5,
      "x" : 20.5
    } ],
    "bounds" : {
      "lowerRight" : {
        "y" : 250.41381940812678,
        "x" : 1209.730477358556
      },
      "upperLeft" : {
        "y" : 250.20746887966806,
        "x" : 1160
      }
    },
    "resourceId" : "sid-C4646B38-2AAB-42E1-8230-477874F48C3A",
    "target" : {
      "resourceId" : "sid-4DEDAD32-2A3C-485E-81A5-D88F765722F9"
    },
    "childShapes" : [ ],
    "properties" : {
      "bordercolor" : "#000000",
      "showdiamondmarker" : "",
      "monitoring" : "",
      "name" : "",
      "documentation" : "",
      "probability" : "",
      "conditiontype" : "None",
      "conditionexpression" : "",
      "isimmediate" : "",
      "auditing" : ""
    },
    "stencil" : {
      "id" : "SequenceFlow"
    },
    "outgoing" : [ {
      "resourceId" : "sid-4DEDAD32-2A3C-485E-81A5-D88F765722F9"
    } ]
  }, {
    "dockers" : [ {
      "y" : 20.5,
      "x" : 20.5
    }, {
      "y" : 40,
      "x" : 50
    } ],
    "bounds" : {
      "lowerRight" : {
        "y" : 250.42176521812968,
        "x" : 914.3945393142885
      },
      "upperLeft" : {
        "y" : 250.20323478187032,
        "x" : 859.9804606857115
      }
    },
    "resourceId" : "sid-43EA2EE8-E4C4-4DAB-95DF-7CAA3BC0259D",
    "labels" : [ {
      "to" : 1,
      "ref" : "text_name",
      "orientation" : "lr",
      "distance" : 18.208688500063854,
      "align" : "right",
      "from" : 0,
      "valign" : "bottom",
      "y" : 250.20854165994643,
      "x" : 913.0731266733333
    } ],
    "target" : {
      "resourceId" : "sid-D765C652-AF2F-4ADC-BA1F-CE48787F259B"
    },
    "childShapes" : [ ],
    "properties" : {
      "bordercolor" : "#000000",
      "showdiamondmarker" : "",
      "monitoring" : "",
      "name" : "Inspection \nRequired",
      "documentation" : "",
      "probability" : "",
      "conditiontype" : "None",
      "conditionexpression" : "glossary://06324eeafd6942cda309b441f8d048c6/Physical Inspection Required;;",
      "isimmediate" : "",
      "auditing" : "",
      "conditionexpression_glossary_dirty" : false
    },
    "stencil" : {
      "id" : "SequenceFlow"
    },
    "outgoing" : [ {
      "resourceId" : "sid-D765C652-AF2F-4ADC-BA1F-CE48787F259B"
    } ]
  }, {
    "dockers" : [ {
      "y" : 20.5,
      "x" : 20.5
    }, {
      "y" : 360,
      "x" : 840.5
    }, {
      "y" : 360,
      "x" : 1230.5
    }, {
      "y" : 20.5,
      "x" : 20.5
    } ],
    "bounds" : {
      "lowerRight" : {
        "y" : 360,
        "x" : 1230.5
      },
      "upperLeft" : {
        "y" : 270,
        "x" : 840.5
      }
    },
    "resourceId" : "sid-06ABA52F-9D23-4091-8782-E5D346CDF584",
    "labels" : [ {
      "to" : 2,
      "ref" : "text_name",
      "orientation" : "ll",
      "distance" : 8,
      "align" : "left",
      "from" : 1,
      "valign" : "bottom",
      "y" : 360,
      "x" : 873.8125
    } ],
    "target" : {
      "resourceId" : "sid-4DEDAD32-2A3C-485E-81A5-D88F765722F9"
    },
    "childShapes" : [ ],
    "properties" : {
      "bordercolor" : "#000000",
      "showdiamondmarker" : "",
      "monitoring" : "",
      "name" : "Inspection not required",
      "documentation" : "",
      "probability" : "",
      "conditiontype" : "None",
      "conditionexpression" : "glossary://e78e28c230ef4b5b8c67bdb32995a068/Physical Inspection not required;;",
      "isimmediate" : "",
      "auditing" : "",
      "conditionexpression_glossary_dirty" : false
    },
    "stencil" : {
      "id" : "SequenceFlow"
    },
    "outgoing" : [ {
      "resourceId" : "sid-4DEDAD32-2A3C-485E-81A5-D88F765722F9"
    } ]
  }, {
    "dockers" : [ {
      "y" : 40,
      "x" : 50
    }, {
      "y" : 40,
      "x" : 50
    } ],
    "bounds" : {
      "lowerRight" : {
        "y" : 250,
        "x" : 534.78125
      },
      "upperLeft" : {
        "y" : 250,
        "x" : 485
      }
    },
    "resourceId" : "sid-26EA608A-2331-4D90-AF81-92D12AC986F0",
    "target" : {
      "resourceId" : "sid-4194B95C-8563-47B3-9E48-3831A3CBCBA8"
    },
    "childShapes" : [ ],
    "properties" : {
      "bordercolor" : "#000000",
      "showdiamondmarker" : "",
      "monitoring" : "",
      "name" : "",
      "documentation" : "",
      "probability" : "",
      "conditiontype" : "None",
      "conditionexpression" : "",
      "isimmediate" : "",
      "auditing" : ""
    },
    "stencil" : {
      "id" : "SequenceFlow"
    },
    "outgoing" : [ {
      "resourceId" : "sid-4194B95C-8563-47B3-9E48-3831A3CBCBA8"
    } ]
  } ],
  "properties" : {
    "orientation" : "horizontal",
    "monitoring" : "",
    "modificationdate" : "",
    "namespaces" : "",
    "creationdate" : "",
    "version" : "",
    "author" : "",
    "targetnamespace" : "http://www.signavio.com/bpmn20",
    "name" : "",
    "documentation" : "",
    "language" : "English",
    "auditing" : "",
    "expressionlanguage" : "http://www.w3.org/1999/XPath",
    "typelanguage" : "http://www.w3.org/2001/XMLSchema"
  },
  "ssextensions" : [ "http://oryx-editor.org/stencilsets/extensions/bpmn2.0basicsubset#" ],
  "stencilset" : {
    "url" : "/stencilsets/bpmn2.0/bpmn2.0.json?version=6.0.0",
    "namespace" : "http://b3mn.org/stencilset/bpmn2.0#"
  },
  "stencil" : {
    "id" : "BPMNDiagram"
  }
}