{
  "model" : {
    "numberOfRevisions" : 5,
    "naturalLanguage" : "en",
    "timestampModelCollection" : null,
    "modelingLanguage" : "bpmn20",
    "directoryId" : "2035890772",
    "groupName" : "BPMN2.0_Process",
    "modelDate" : "2012-06-18",
    "modelName" : "Import Process - China - Shanghai",
    "modelId" : "1092976383"
  },
  "revision" : {
    "connectedness" : 100,
    "elementCounts" : {
      "total" : 23,
      "SequenceFlow" : 11,
      "Task" : 7,
      "StartNoneEvent" : 1,
      "EndNoneEvent" : 1,
      "BPMNDiagram" : 1,
      "Exclusive_Databased_Gateway" : 2
    },
    "isLastRevision" : "true",
    "creationDate" : null,
    "revisionNumber" : 5
  }
}