{
  "bounds" : {
    "lowerRight" : {
      "y" : 1050,
      "x" : 1485
    },
    "upperLeft" : {
      "y" : 0,
      "x" : 0
    }
  },
  "resourceId" : "canvas",
  "childShapes" : [ {
    "dockers" : [ ],
    "bounds" : {
      "lowerRight" : {
        "y" : 225,
        "x" : 60
      },
      "upperLeft" : {
        "y" : 195,
        "x" : 30
      }
    },
    "resourceId" : "sid-89E51157-60FC-496B-8492-D503767D9F95",
    "childShapes" : [ ],
    "properties" : {
      "trigger" : "None",
      "bordercolor" : "#000000",
      "monitoring" : "",
      "dataoutputassociations" : "",
      "outputset" : "",
      "name" : "",
      "dataoutput" : "",
      "documentation" : "",
      "applyincalc" : true,
      "frequency" : "",
      "auditing" : "",
      "bgcolor" : "#ffffff",
      "processid" : ""
    },
    "stencil" : {
      "id" : "StartNoneEvent"
    },
    "outgoing" : [ {
      "resourceId" : "sid-3E546B21-4931-400A-AE86-FAFE6E4E3CEF"
    } ]
  }, {
    "dockers" : [ ],
    "bounds" : {
      "lowerRight" : {
        "y" : 140,
        "x" : 270
      },
      "upperLeft" : {
        "y" : 60,
        "x" : 170
      }
    },
    "resourceId" : "sid-E3FF4034-587E-4E01-A09A-EF97C34E6607",
    "childShapes" : [ ],
    "properties" : {
      "resources" : "",
      "outmsgstructure" : "",
      "applyincalc" : true,
      "loopcardinality" : "",
      "bgcolor" : "#FFFFFF",
      "inmessagename" : "",
      "outmessagename" : "",
      "bordercolor" : "#000000",
      "time" : "",
      "loopmaximum" : "",
      "loopdataoutput" : "",
      "testbefore" : "",
      "callacitivity" : "",
      "outmsgiscollection" : "",
      "monitoring" : "",
      "operationname" : "",
      "dataoutputset" : "",
      "completionquantity" : 1,
      "properties" : "",
      "script" : "",
      "assignments" : "",
      "nonebehavioreventref" : "signal",
      "externaldocuments" : [ ],
      "scriptformat" : "",
      "datainputset" : "",
      "processid" : "",
      "tasktype" : "None",
      "startquantity" : 1,
      "looptype" : "None",
      "instantiate" : "",
      "behavior" : "all",
      "inmsgimport" : "",
      "costs" : "",
      "inputdataitem" : "",
      "loopdatainput" : "",
      "name" : "glossary://91e637c1e383489982b7304cebe5cab0/Register Custom Declaration and support. Documents;;",
      "outmsgitemkind" : "Information",
      "costcenter" : "",
      "completioncondition" : "",
      "isforcompensation" : "",
      "risklevel" : "",
      "inmsgiscollection" : "",
      "inmsgitemkind" : "Information",
      "messageref" : "",
      "outputdataitem" : "",
      "inmsgstructure" : "",
      "loopcondition" : "",
      "onebehavioreventref:" : "signal",
      "operationref" : "",
      "implementation" : "webService",
      "outmsgimport" : "",
      "documentation" : "",
      "name_glossary_dirty" : true,
      "categories" : "",
      "auditing" : "",
      "complexbehaviordefinition" : ""
    },
    "stencil" : {
      "id" : "Task"
    },
    "outgoing" : [ {
      "resourceId" : "sid-563ED3E6-E3BD-4BDF-8455-E70EF3647059"
    } ]
  }, {
    "dockers" : [ ],
    "bounds" : {
      "lowerRight" : {
        "y" : 250,
        "x" : 485
      },
      "upperLeft" : {
        "y" : 170,
        "x" : 385
      }
    },
    "resourceId" : "sid-B064CF69-CACD-467D-A49F-F18A77645136",
    "childShapes" : [ ],
    "properties" : {
      "resources" : "",
      "outmsgstructure" : "",
      "applyincalc" : true,
      "loopcardinality" : "",
      "bgcolor" : "#FFFFFF",
      "inmessagename" : "",
      "outmessagename" : "",
      "bordercolor" : "#000000",
      "time" : "",
      "loopmaximum" : "",
      "loopdataoutput" : "",
      "testbefore" : "",
      "callacitivity" : "",
      "outmsgiscollection" : "",
      "monitoring" : "",
      "operationname" : "",
      "dataoutputset" : "",
      "completionquantity" : 1,
      "properties" : "",
      "script" : "",
      "assignments" : "",
      "nonebehavioreventref" : "signal",
      "externaldocuments" : [ ],
      "scriptformat" : "",
      "datainputset" : "",
      "processid" : "",
      "tasktype" : "None",
      "startquantity" : 1,
      "looptype" : "None",
      "instantiate" : "",
      "behavior" : "all",
      "inmsgimport" : "",
      "costs" : "",
      "inputdataitem" : "",
      "loopdatainput" : "",
      "name" : "glossary://bc5bd4edaa92490bba0b075c85abcd3f/Document Checking;;",
      "outmsgitemkind" : "Information",
      "costcenter" : "",
      "completioncondition" : "",
      "isforcompensation" : "",
      "risklevel" : "",
      "inmsgiscollection" : "",
      "inmsgitemkind" : "Information",
      "messageref" : "",
      "outputdataitem" : "",
      "inmsgstructure" : "",
      "loopcondition" : "",
      "onebehavioreventref:" : "signal",
      "operationref" : "",
      "implementation" : "webService",
      "outmsgimport" : "",
      "documentation" : "",
      "name_glossary_dirty" : false,
      "categories" : "",
      "auditing" : "",
      "complexbehaviordefinition" : ""
    },
    "stencil" : {
      "id" : "Task"
    },
    "outgoing" : [ {
      "resourceId" : "sid-1BAC28F4-0FC4-4CFA-A0FC-C165CE8DF423"
    } ]
  }, {
    "dockers" : [ ],
    "bounds" : {
      "lowerRight" : {
        "y" : 250,
        "x" : 630
      },
      "upperLeft" : {
        "y" : 170,
        "x" : 530
      }
    },
    "resourceId" : "sid-618F775C-63B8-4464-9621-EA46E03E3401",
    "childShapes" : [ ],
    "properties" : {
      "resources" : "",
      "outmsgstructure" : "",
      "applyincalc" : true,
      "loopcardinality" : "",
      "bgcolor" : "#FFFFFF",
      "inmessagename" : "",
      "outmessagename" : "",
      "bordercolor" : "#000000",
      "time" : "",
      "loopmaximum" : "",
      "loopdataoutput" : "",
      "testbefore" : "",
      "callacitivity" : "",
      "outmsgiscollection" : "",
      "monitoring" : "",
      "operationname" : "",
      "dataoutputset" : "",
      "completionquantity" : 1,
      "properties" : "",
      "script" : "",
      "assignments" : "",
      "nonebehavioreventref" : "signal",
      "externaldocuments" : [ ],
      "scriptformat" : "",
      "datainputset" : "",
      "processid" : "",
      "tasktype" : "None",
      "startquantity" : 1,
      "looptype" : "None",
      "instantiate" : "",
      "behavior" : "all",
      "inmsgimport" : "",
      "costs" : "",
      "inputdataitem" : "",
      "loopdatainput" : "",
      "name" : "glossary://0d833c4e7bdb43da933c276e845e5ca3/Payment Instruction;;",
      "outmsgitemkind" : "Information",
      "costcenter" : "",
      "completioncondition" : "",
      "isforcompensation" : "",
      "risklevel" : "",
      "inmsgiscollection" : "",
      "inmsgitemkind" : "Information",
      "messageref" : "",
      "outputdataitem" : "",
      "inmsgstructure" : "",
      "loopcondition" : "",
      "onebehavioreventref:" : "signal",
      "operationref" : "",
      "implementation" : "webService",
      "outmsgimport" : "",
      "documentation" : "",
      "name_glossary_dirty" : true,
      "categories" : "",
      "auditing" : "",
      "complexbehaviordefinition" : ""
    },
    "stencil" : {
      "id" : "Task"
    },
    "outgoing" : [ {
      "resourceId" : "sid-ADEE7CD2-9167-4CAC-9B62-8A10C44A06DD"
    } ]
  }, {
    "dockers" : [ {
      "y" : 40,
      "x" : 50
    }, {
      "y" : 40,
      "x" : 50
    } ],
    "bounds" : {
      "lowerRight" : {
        "y" : 210,
        "x" : 529.15625
      },
      "upperLeft" : {
        "y" : 210,
        "x" : 485
      }
    },
    "resourceId" : "sid-1BAC28F4-0FC4-4CFA-A0FC-C165CE8DF423",
    "target" : {
      "resourceId" : "sid-618F775C-63B8-4464-9621-EA46E03E3401"
    },
    "childShapes" : [ ],
    "properties" : {
      "bordercolor" : "#000000",
      "showdiamondmarker" : "",
      "monitoring" : "",
      "name" : "",
      "documentation" : "",
      "probability" : "",
      "conditiontype" : "None",
      "conditionexpression" : "",
      "isimmediate" : "",
      "auditing" : ""
    },
    "stencil" : {
      "id" : "SequenceFlow"
    },
    "outgoing" : [ {
      "resourceId" : "sid-618F775C-63B8-4464-9621-EA46E03E3401"
    } ]
  }, {
    "dockers" : [ ],
    "bounds" : {
      "lowerRight" : {
        "y" : 170,
        "x" : 885
      },
      "upperLeft" : {
        "y" : 90,
        "x" : 785
      }
    },
    "resourceId" : "sid-D75E5DA3-F57B-4351-B200-585C6E3C2FCE",
    "childShapes" : [ ],
    "properties" : {
      "resources" : "",
      "outmsgstructure" : "",
      "applyincalc" : true,
      "loopcardinality" : "",
      "bgcolor" : "#FFFFFF",
      "inmessagename" : "",
      "outmessagename" : "",
      "bordercolor" : "#000000",
      "time" : "",
      "loopmaximum" : "",
      "loopdataoutput" : "",
      "testbefore" : "",
      "callacitivity" : "",
      "outmsgiscollection" : "",
      "monitoring" : "",
      "operationname" : "",
      "dataoutputset" : "",
      "completionquantity" : 1,
      "properties" : "",
      "script" : "",
      "assignments" : "",
      "nonebehavioreventref" : "signal",
      "externaldocuments" : [ ],
      "scriptformat" : "",
      "datainputset" : "",
      "processid" : "",
      "tasktype" : "None",
      "startquantity" : 1,
      "looptype" : "None",
      "instantiate" : "",
      "behavior" : "all",
      "inmsgimport" : "",
      "costs" : "",
      "inputdataitem" : "",
      "loopdatainput" : "",
      "name" : "glossary://318188729f204ae794c4de316f8ac565/Release Goods;;",
      "outmsgitemkind" : "Information",
      "costcenter" : "",
      "completioncondition" : "",
      "isforcompensation" : "",
      "risklevel" : "",
      "inmsgiscollection" : "",
      "inmsgitemkind" : "Information",
      "messageref" : "",
      "outputdataitem" : "",
      "inmsgstructure" : "",
      "loopcondition" : "",
      "onebehavioreventref:" : "signal",
      "operationref" : "",
      "implementation" : "webService",
      "outmsgimport" : "",
      "documentation" : "",
      "name_glossary_dirty" : false,
      "categories" : "",
      "auditing" : "",
      "complexbehaviordefinition" : ""
    },
    "stencil" : {
      "id" : "Task"
    },
    "outgoing" : [ {
      "resourceId" : "sid-1C757018-DEBD-4D2E-9E84-2A19F3AB224D"
    } ]
  }, {
    "dockers" : [ {
      "y" : 20.5,
      "x" : 20.5
    }, {
      "y" : 130,
      "x" : 720.5
    }, {
      "y" : 40,
      "x" : 50
    } ],
    "bounds" : {
      "lowerRight" : {
        "y" : 189.375,
        "x" : 784.80078125
      },
      "upperLeft" : {
        "y" : 130,
        "x" : 720.5
      }
    },
    "resourceId" : "sid-DFF9DF27-327F-49D6-B296-6ABC71B0E02D",
    "target" : {
      "resourceId" : "sid-D75E5DA3-F57B-4351-B200-585C6E3C2FCE"
    },
    "childShapes" : [ ],
    "properties" : {
      "bordercolor" : "#000000",
      "showdiamondmarker" : "",
      "monitoring" : "",
      "name" : "",
      "documentation" : "",
      "probability" : "",
      "conditiontype" : "None",
      "conditionexpression" : "",
      "isimmediate" : "",
      "auditing" : ""
    },
    "stencil" : {
      "id" : "SequenceFlow"
    },
    "outgoing" : [ {
      "resourceId" : "sid-D75E5DA3-F57B-4351-B200-585C6E3C2FCE"
    } ]
  }, {
    "dockers" : [ ],
    "bounds" : {
      "lowerRight" : {
        "y" : 320,
        "x" : 885
      },
      "upperLeft" : {
        "y" : 240,
        "x" : 785
      }
    },
    "resourceId" : "sid-2895079F-5E33-4F9F-B4B3-70735BB95F57",
    "childShapes" : [ ],
    "properties" : {
      "resources" : "",
      "outmsgstructure" : "",
      "applyincalc" : true,
      "loopcardinality" : "",
      "bgcolor" : "#FFFFFF",
      "inmessagename" : "",
      "outmessagename" : "",
      "bordercolor" : "#000000",
      "time" : "",
      "loopmaximum" : "",
      "loopdataoutput" : "",
      "testbefore" : "",
      "callacitivity" : "",
      "outmsgiscollection" : "",
      "monitoring" : "",
      "operationname" : "",
      "dataoutputset" : "",
      "completionquantity" : 1,
      "properties" : "",
      "script" : "",
      "assignments" : "",
      "nonebehavioreventref" : "signal",
      "externaldocuments" : [ ],
      "scriptformat" : "",
      "datainputset" : "",
      "processid" : "",
      "startquantity" : 1,
      "tasktype" : "None",
      "looptype" : "None",
      "instantiate" : "",
      "behavior" : "all",
      "inmsgimport" : "",
      "costs" : "",
      "inputdataitem" : "",
      "loopdatainput" : "",
      "name" : "Send Release Notification to Customs",
      "outmsgitemkind" : "Information",
      "costcenter" : "",
      "completioncondition" : "",
      "isforcompensation" : "",
      "risklevel" : "",
      "inmsgiscollection" : "",
      "inmsgitemkind" : "Information",
      "messageref" : "",
      "outputdataitem" : "",
      "inmsgstructure" : "",
      "loopcondition" : "",
      "onebehavioreventref:" : "signal",
      "operationref" : "",
      "implementation" : "webService",
      "outmsgimport" : "",
      "documentation" : "",
      "categories" : "",
      "auditing" : "",
      "complexbehaviordefinition" : ""
    },
    "stencil" : {
      "id" : "Task"
    },
    "outgoing" : [ {
      "resourceId" : "sid-03F36013-1A61-43C1-8493-E38BBC039E5F"
    } ]
  }, {
    "dockers" : [ {
      "y" : 20.5,
      "x" : 20.5
    }, {
      "y" : 280,
      "x" : 720.5
    }, {
      "y" : 40,
      "x" : 50
    } ],
    "bounds" : {
      "lowerRight" : {
        "y" : 280,
        "x" : 784.80078125
      },
      "upperLeft" : {
        "y" : 230,
        "x" : 720.5
      }
    },
    "resourceId" : "sid-CC249E6C-B08E-42CD-9EF7-BA54105FF0B0",
    "target" : {
      "resourceId" : "sid-2895079F-5E33-4F9F-B4B3-70735BB95F57"
    },
    "childShapes" : [ ],
    "properties" : {
      "bordercolor" : "#000000",
      "showdiamondmarker" : "",
      "monitoring" : "",
      "name" : "",
      "documentation" : "",
      "probability" : "",
      "conditiontype" : "None",
      "conditionexpression" : "",
      "isimmediate" : "",
      "auditing" : ""
    },
    "stencil" : {
      "id" : "SequenceFlow"
    },
    "outgoing" : [ {
      "resourceId" : "sid-2895079F-5E33-4F9F-B4B3-70735BB95F57"
    } ]
  }, {
    "dockers" : [ {
      "y" : 40,
      "x" : 50
    }, {
      "y" : 280,
      "x" : 950.5
    }, {
      "y" : 20.5,
      "x" : 20.5
    } ],
    "bounds" : {
      "lowerRight" : {
        "y" : 280,
        "x" : 950.5
      },
      "upperLeft" : {
        "y" : 230,
        "x" : 885
      }
    },
    "resourceId" : "sid-03F36013-1A61-43C1-8493-E38BBC039E5F",
    "target" : {
      "resourceId" : "sid-4EFD6311-C213-46E3-A773-0C5CA88A4BC1"
    },
    "childShapes" : [ ],
    "properties" : {
      "bordercolor" : "#000000",
      "showdiamondmarker" : "",
      "monitoring" : "",
      "name" : "",
      "documentation" : "",
      "probability" : "",
      "conditiontype" : "None",
      "conditionexpression" : "",
      "isimmediate" : "",
      "auditing" : ""
    },
    "stencil" : {
      "id" : "SequenceFlow"
    },
    "outgoing" : [ {
      "resourceId" : "sid-4EFD6311-C213-46E3-A773-0C5CA88A4BC1"
    } ]
  }, {
    "dockers" : [ {
      "y" : 40,
      "x" : 50
    }, {
      "y" : 130,
      "x" : 950.5
    }, {
      "y" : 20.5,
      "x" : 20.5
    } ],
    "bounds" : {
      "lowerRight" : {
        "y" : 189.375,
        "x" : 950.5
      },
      "upperLeft" : {
        "y" : 130,
        "x" : 885
      }
    },
    "resourceId" : "sid-1C757018-DEBD-4D2E-9E84-2A19F3AB224D",
    "target" : {
      "resourceId" : "sid-4EFD6311-C213-46E3-A773-0C5CA88A4BC1"
    },
    "childShapes" : [ ],
    "properties" : {
      "bordercolor" : "#000000",
      "showdiamondmarker" : "",
      "monitoring" : "",
      "name" : "",
      "documentation" : "",
      "probability" : "",
      "conditiontype" : "None",
      "conditionexpression" : "",
      "isimmediate" : "",
      "auditing" : ""
    },
    "stencil" : {
      "id" : "SequenceFlow"
    },
    "outgoing" : [ {
      "resourceId" : "sid-4EFD6311-C213-46E3-A773-0C5CA88A4BC1"
    } ]
  }, {
    "dockers" : [ ],
    "bounds" : {
      "lowerRight" : {
        "y" : 224,
        "x" : 1043
      },
      "upperLeft" : {
        "y" : 196,
        "x" : 1015
      }
    },
    "resourceId" : "sid-006188B8-3544-4EC1-96AF-981066EA2377",
    "childShapes" : [ ],
    "properties" : {
      "inputset" : "",
      "trigger" : "None",
      "bordercolor" : "#000000",
      "monitoring" : "",
      "datainputassociations" : "",
      "name" : "",
      "documentation" : "",
      "datainput" : "",
      "auditing" : "",
      "bgcolor" : "#ffffff"
    },
    "stencil" : {
      "id" : "EndNoneEvent"
    },
    "outgoing" : [ ]
  }, {
    "dockers" : [ {
      "y" : 20.5,
      "x" : 20.5
    }, {
      "y" : 14,
      "x" : 14
    } ],
    "bounds" : {
      "lowerRight" : {
        "y" : 210.376443202447,
        "x" : 1014.5078327841813
      },
      "upperLeft" : {
        "y" : 210.092306797553,
        "x" : 969.8984172158187
      }
    },
    "resourceId" : "sid-CB7589F7-3CEB-4EE7-B924-96F0C81E9F70",
    "target" : {
      "resourceId" : "sid-006188B8-3544-4EC1-96AF-981066EA2377"
    },
    "childShapes" : [ ],
    "properties" : {
      "bordercolor" : "#000000",
      "showdiamondmarker" : "",
      "monitoring" : "",
      "name" : "",
      "documentation" : "",
      "probability" : "",
      "conditiontype" : "None",
      "conditionexpression" : "",
      "isimmediate" : "",
      "auditing" : ""
    },
    "stencil" : {
      "id" : "SequenceFlow"
    },
    "outgoing" : [ {
      "resourceId" : "sid-006188B8-3544-4EC1-96AF-981066EA2377"
    } ]
  }, {
    "dockers" : [ ],
    "bounds" : {
      "lowerRight" : {
        "y" : 230,
        "x" : 740
      },
      "upperLeft" : {
        "y" : 190,
        "x" : 700
      }
    },
    "resourceId" : "sid-21628C40-7C0D-4A9C-B5F0-7558C6120BAD",
    "childShapes" : [ ],
    "properties" : {
      "xortype" : "Data",
      "monitoring" : "",
      "defaultgate" : "",
      "gatewaytype" : "AND",
      "gate_outgoingsequenceflow_en_gb" : "",
      "gates" : "",
      "type" : "http://b3mn.org/stencilset/bpmn2.0#Exclusive_Databased_Gateway",
      "defaultgate_en_gb" : "",
      "assignments" : "",
      "bgcolor" : "#ffffff",
      "bordercolor" : "#000000",
      "pool" : "",
      "gate_assignments" : "",
      "markervisible" : "true",
      "name" : "",
      "gates_assignments" : "",
      "documentation" : "",
      "categories" : "",
      "auditing" : "",
      "gate_assignments_en_gb" : "",
      "gate_outgoingsequenceflow" : "",
      "gates_outgoingsequenceflow" : "",
      "lanes" : "",
      "xortype_en_gb" : "Data",
      "processid" : ""
    },
    "stencil" : {
      "id" : "ParallelGateway"
    },
    "outgoing" : [ {
      "resourceId" : "sid-DFF9DF27-327F-49D6-B296-6ABC71B0E02D"
    }, {
      "resourceId" : "sid-CC249E6C-B08E-42CD-9EF7-BA54105FF0B0"
    } ]
  }, {
    "dockers" : [ ],
    "bounds" : {
      "lowerRight" : {
        "y" : 230,
        "x" : 970
      },
      "upperLeft" : {
        "y" : 190,
        "x" : 930
      }
    },
    "resourceId" : "sid-4EFD6311-C213-46E3-A773-0C5CA88A4BC1",
    "childShapes" : [ ],
    "properties" : {
      "xortype" : "Data",
      "monitoring" : "",
      "defaultgate" : "",
      "gatewaytype" : "AND",
      "gate_outgoingsequenceflow_en_gb" : "",
      "gates" : "",
      "type" : "http://b3mn.org/stencilset/bpmn2.0#Exclusive_Databased_Gateway",
      "defaultgate_en_gb" : "",
      "assignments" : "",
      "bgcolor" : "#ffffff",
      "bordercolor" : "#000000",
      "pool" : "",
      "gate_assignments" : "",
      "markervisible" : "true",
      "name" : "",
      "gates_assignments" : "",
      "documentation" : "",
      "categories" : "",
      "auditing" : "",
      "gate_assignments_en_gb" : "",
      "gate_outgoingsequenceflow" : "",
      "gates_outgoingsequenceflow" : "",
      "lanes" : "",
      "xortype_en_gb" : "Data",
      "processid" : ""
    },
    "stencil" : {
      "id" : "ParallelGateway"
    },
    "outgoing" : [ {
      "resourceId" : "sid-CB7589F7-3CEB-4EE7-B924-96F0C81E9F70"
    } ]
  }, {
    "dockers" : [ ],
    "bounds" : {
      "lowerRight" : {
        "y" : 250,
        "x" : 270
      },
      "upperLeft" : {
        "y" : 170,
        "x" : 170
      }
    },
    "resourceId" : "sid-AD2D49E8-30CF-48CA-96C5-9AB08F5F0818",
    "childShapes" : [ ],
    "properties" : {
      "resources" : "",
      "outmsgstructure" : "",
      "applyincalc" : true,
      "loopcardinality" : "",
      "bgcolor" : "#FFFFFF",
      "inmessagename" : "",
      "outmessagename" : "",
      "bordercolor" : "#000000",
      "time" : "",
      "loopmaximum" : "",
      "loopdataoutput" : "",
      "testbefore" : "",
      "callacitivity" : "",
      "outmsgiscollection" : "",
      "monitoring" : "",
      "operationname" : "",
      "dataoutputset" : "",
      "completionquantity" : 1,
      "properties" : "",
      "script" : "",
      "assignments" : "",
      "nonebehavioreventref" : "signal",
      "externaldocuments" : [ ],
      "scriptformat" : "",
      "datainputset" : "",
      "processid" : "",
      "tasktype" : "None",
      "startquantity" : 1,
      "looptype" : "None",
      "instantiate" : "",
      "behavior" : "all",
      "inmsgimport" : "",
      "costs" : "",
      "inputdataitem" : "",
      "loopdatainput" : "",
      "name" : "glossary://91e637c1e383489982b7304cebe5cab0/Ship arrival notification;;",
      "outmsgitemkind" : "Information",
      "costcenter" : "",
      "completioncondition" : "",
      "isforcompensation" : "",
      "risklevel" : "",
      "inmsgiscollection" : "",
      "inmsgitemkind" : "Information",
      "messageref" : "",
      "outputdataitem" : "",
      "inmsgstructure" : "",
      "loopcondition" : "",
      "onebehavioreventref:" : "signal",
      "operationref" : "",
      "implementation" : "webService",
      "outmsgimport" : "",
      "documentation" : "",
      "name_glossary_dirty" : true,
      "categories" : "",
      "auditing" : "",
      "complexbehaviordefinition" : ""
    },
    "stencil" : {
      "id" : "Task"
    },
    "outgoing" : [ {
      "resourceId" : "sid-BF199E8D-C2B9-4113-8DE4-33A1E58E808F"
    } ]
  }, {
    "dockers" : [ {
      "y" : 15,
      "x" : 15
    }, {
      "y" : 20.5,
      "x" : 20.5
    } ],
    "bounds" : {
      "lowerRight" : {
        "y" : 210.3687889396821,
        "x" : 104.37501928882116
      },
      "upperLeft" : {
        "y" : 210.0960548103179,
        "x" : 60.464824461178836
      }
    },
    "resourceId" : "sid-3E546B21-4931-400A-AE86-FAFE6E4E3CEF",
    "target" : {
      "resourceId" : "sid-177EE9AE-1320-4766-8E77-351F15D30986"
    },
    "childShapes" : [ ],
    "properties" : {
      "bordercolor" : "#000000",
      "showdiamondmarker" : "",
      "monitoring" : "",
      "name" : "",
      "documentation" : "",
      "probability" : "",
      "conditiontype" : "None",
      "conditionexpression" : "",
      "isimmediate" : "",
      "auditing" : ""
    },
    "stencil" : {
      "id" : "SequenceFlow"
    },
    "outgoing" : [ {
      "resourceId" : "sid-177EE9AE-1320-4766-8E77-351F15D30986"
    } ]
  }, {
    "dockers" : [ ],
    "bounds" : {
      "lowerRight" : {
        "y" : 230,
        "x" : 145
      },
      "upperLeft" : {
        "y" : 190,
        "x" : 105
      }
    },
    "resourceId" : "sid-177EE9AE-1320-4766-8E77-351F15D30986",
    "childShapes" : [ ],
    "properties" : {
      "xortype" : "Data",
      "monitoring" : "",
      "defaultgate" : "",
      "gatewaytype" : "AND",
      "gates" : "",
      "type" : "http://b3mn.org/stencilset/bpmn2.0#Exclusive_Databased_Gateway",
      "assignments" : "",
      "bgcolor" : "#ffffff",
      "bordercolor" : "#000000",
      "pool" : "",
      "gate_assignments" : "",
      "markervisible" : "true",
      "name" : "",
      "gates_assignments" : "",
      "documentation" : "",
      "categories" : "",
      "gate_outgoingsequenceflow" : "",
      "auditing" : "",
      "gates_outgoingsequenceflow" : "",
      "lanes" : "",
      "processid" : ""
    },
    "stencil" : {
      "id" : "ParallelGateway"
    },
    "outgoing" : [ {
      "resourceId" : "sid-FADC2999-E445-4B0A-B145-D00E082CD086"
    }, {
      "resourceId" : "sid-59D03FDD-0DCC-4DFD-AA8C-CB833821C832"
    }, {
      "resourceId" : "sid-038FF313-758C-41BF-9ECC-3B0C7CA5AAC5"
    } ]
  }, {
    "dockers" : [ {
      "y" : 20.5,
      "x" : 20.5
    }, {
      "y" : 100,
      "x" : 125.5
    }, {
      "y" : 40,
      "x" : 50
    } ],
    "bounds" : {
      "lowerRight" : {
        "y" : 189.64453125,
        "x" : 169.53515625
      },
      "upperLeft" : {
        "y" : 100,
        "x" : 125.5
      }
    },
    "resourceId" : "sid-FADC2999-E445-4B0A-B145-D00E082CD086",
    "target" : {
      "resourceId" : "sid-E3FF4034-587E-4E01-A09A-EF97C34E6607"
    },
    "childShapes" : [ ],
    "properties" : {
      "bordercolor" : "#000000",
      "showdiamondmarker" : "",
      "monitoring" : "",
      "name" : "",
      "documentation" : "",
      "probability" : "",
      "conditiontype" : "None",
      "conditionexpression" : "",
      "isimmediate" : "",
      "auditing" : ""
    },
    "stencil" : {
      "id" : "SequenceFlow"
    },
    "outgoing" : [ {
      "resourceId" : "sid-E3FF4034-587E-4E01-A09A-EF97C34E6607"
    } ]
  }, {
    "dockers" : [ {
      "y" : 20.5,
      "x" : 20.5
    }, {
      "y" : 40,
      "x" : 50
    } ],
    "bounds" : {
      "lowerRight" : {
        "y" : 210.39314656876758,
        "x" : 169.5351702470746
      },
      "upperLeft" : {
        "y" : 210.26700968123242,
        "x" : 145.6952985029254
      }
    },
    "resourceId" : "sid-59D03FDD-0DCC-4DFD-AA8C-CB833821C832",
    "target" : {
      "resourceId" : "sid-AD2D49E8-30CF-48CA-96C5-9AB08F5F0818"
    },
    "childShapes" : [ ],
    "properties" : {
      "bordercolor" : "#000000",
      "showdiamondmarker" : "",
      "monitoring" : "",
      "name" : "",
      "documentation" : "",
      "probability" : "",
      "conditiontype" : "None",
      "conditionexpression" : "",
      "isimmediate" : "",
      "auditing" : ""
    },
    "stencil" : {
      "id" : "SequenceFlow"
    },
    "outgoing" : [ {
      "resourceId" : "sid-AD2D49E8-30CF-48CA-96C5-9AB08F5F0818"
    } ]
  }, {
    "dockers" : [ {
      "y" : 40,
      "x" : 50
    }, {
      "y" : 20.5,
      "x" : 20.5
    } ],
    "bounds" : {
      "lowerRight" : {
        "y" : 210.4097335362338,
        "x" : 314.64844687000755
      },
      "upperLeft" : {
        "y" : 210.21645021645023,
        "x" : 270
      }
    },
    "resourceId" : "sid-BF199E8D-C2B9-4113-8DE4-33A1E58E808F",
    "target" : {
      "resourceId" : "sid-3DD4E56C-F0B2-4BE6-9755-AC7F05081507"
    },
    "childShapes" : [ ],
    "properties" : {
      "bordercolor" : "#000000",
      "showdiamondmarker" : "",
      "monitoring" : "",
      "name" : "",
      "documentation" : "",
      "probability" : "",
      "conditiontype" : "None",
      "conditionexpression" : "",
      "isimmediate" : "",
      "auditing" : ""
    },
    "stencil" : {
      "id" : "SequenceFlow"
    },
    "outgoing" : [ {
      "resourceId" : "sid-3DD4E56C-F0B2-4BE6-9755-AC7F05081507"
    } ]
  }, {
    "dockers" : [ {
      "y" : 20.5,
      "x" : 20.5
    }, {
      "y" : 40,
      "x" : 50
    } ],
    "bounds" : {
      "lowerRight" : {
        "y" : 210.4012249378176,
        "x" : 384.2500126257047
      },
      "upperLeft" : {
        "y" : 210.2550250621824,
        "x" : 355.1562373742953
      }
    },
    "resourceId" : "sid-4DE65BC9-D1A9-4886-8A1C-A01DEE568976",
    "target" : {
      "resourceId" : "sid-B064CF69-CACD-467D-A49F-F18A77645136"
    },
    "childShapes" : [ ],
    "properties" : {
      "bordercolor" : "#000000",
      "showdiamondmarker" : "",
      "monitoring" : "",
      "name" : "",
      "documentation" : "",
      "probability" : "",
      "conditiontype" : "None",
      "conditionexpression" : "",
      "isimmediate" : "",
      "auditing" : ""
    },
    "stencil" : {
      "id" : "SequenceFlow"
    },
    "outgoing" : [ {
      "resourceId" : "sid-B064CF69-CACD-467D-A49F-F18A77645136"
    } ]
  }, {
    "dockers" : [ ],
    "bounds" : {
      "lowerRight" : {
        "y" : 230,
        "x" : 355
      },
      "upperLeft" : {
        "y" : 190,
        "x" : 315
      }
    },
    "resourceId" : "sid-3DD4E56C-F0B2-4BE6-9755-AC7F05081507",
    "childShapes" : [ ],
    "properties" : {
      "xortype" : "Data",
      "monitoring" : "",
      "defaultgate" : "",
      "gatewaytype" : "AND",
      "gates" : "",
      "type" : "http://b3mn.org/stencilset/bpmn2.0#Exclusive_Databased_Gateway",
      "assignments" : "",
      "bgcolor" : "#ffffff",
      "bordercolor" : "#000000",
      "pool" : "",
      "gate_assignments" : "",
      "markervisible" : "true",
      "name" : "",
      "gates_assignments" : "",
      "documentation" : "",
      "categories" : "",
      "gate_outgoingsequenceflow" : "",
      "auditing" : "",
      "gates_outgoingsequenceflow" : "",
      "lanes" : "",
      "processid" : ""
    },
    "stencil" : {
      "id" : "ParallelGateway"
    },
    "outgoing" : [ {
      "resourceId" : "sid-4DE65BC9-D1A9-4886-8A1C-A01DEE568976"
    } ]
  }, {
    "dockers" : [ {
      "y" : 40,
      "x" : 50
    }, {
      "y" : 100,
      "x" : 335.5
    }, {
      "y" : 20.5,
      "x" : 20.5
    } ],
    "bounds" : {
      "lowerRight" : {
        "y" : 189.64453125,
        "x" : 335.5
      },
      "upperLeft" : {
        "y" : 100,
        "x" : 270
      }
    },
    "resourceId" : "sid-563ED3E6-E3BD-4BDF-8455-E70EF3647059",
    "target" : {
      "resourceId" : "sid-3DD4E56C-F0B2-4BE6-9755-AC7F05081507"
    },
    "childShapes" : [ ],
    "properties" : {
      "bordercolor" : "#000000",
      "showdiamondmarker" : "",
      "monitoring" : "",
      "name" : "",
      "documentation" : "",
      "probability" : "",
      "conditiontype" : "None",
      "conditionexpression" : "",
      "isimmediate" : "",
      "auditing" : ""
    },
    "stencil" : {
      "id" : "SequenceFlow"
    },
    "outgoing" : [ {
      "resourceId" : "sid-3DD4E56C-F0B2-4BE6-9755-AC7F05081507"
    } ]
  }, {
    "dockers" : [ ],
    "bounds" : {
      "lowerRight" : {
        "y" : 360,
        "x" : 270
      },
      "upperLeft" : {
        "y" : 280,
        "x" : 170
      }
    },
    "resourceId" : "sid-D871A01A-72B8-4459-BEB2-C5CDCCB96754",
    "childShapes" : [ ],
    "properties" : {
      "resources" : "",
      "outmsgstructure" : "",
      "applyincalc" : true,
      "loopcardinality" : "",
      "bgcolor" : "#FFFFFF",
      "inmessagename" : "",
      "outmessagename" : "",
      "bordercolor" : "#000000",
      "time" : "",
      "loopmaximum" : "",
      "loopdataoutput" : "",
      "testbefore" : "",
      "callacitivity" : "",
      "outmsgiscollection" : "",
      "monitoring" : "",
      "operationname" : "",
      "dataoutputset" : "",
      "completionquantity" : 1,
      "properties" : "",
      "script" : "",
      "assignments" : "",
      "nonebehavioreventref" : "signal",
      "externaldocuments" : [ ],
      "scriptformat" : "",
      "datainputset" : "",
      "processid" : "",
      "tasktype" : "None",
      "startquantity" : 1,
      "looptype" : "None",
      "instantiate" : "",
      "behavior" : "all",
      "inmsgimport" : "",
      "costs" : "",
      "inputdataitem" : "",
      "loopdatainput" : "",
      "name" : "glossary://91e637c1e383489982b7304cebe5cab0/Processing Import Permit;;",
      "outmsgitemkind" : "Information",
      "costcenter" : "",
      "completioncondition" : "",
      "isforcompensation" : "",
      "risklevel" : "",
      "inmsgiscollection" : "",
      "inmsgitemkind" : "Information",
      "messageref" : "",
      "outputdataitem" : "",
      "inmsgstructure" : "",
      "loopcondition" : "",
      "onebehavioreventref:" : "signal",
      "operationref" : "",
      "implementation" : "webService",
      "outmsgimport" : "",
      "documentation" : "",
      "name_glossary_dirty" : true,
      "categories" : "",
      "auditing" : "",
      "complexbehaviordefinition" : ""
    },
    "stencil" : {
      "id" : "Task"
    },
    "outgoing" : [ {
      "resourceId" : "sid-A20720BF-149A-4417-8C89-3925A8555C1F"
    } ]
  }, {
    "dockers" : [ {
      "y" : 20.5,
      "x" : 20.5
    }, {
      "y" : 320,
      "x" : 125.5
    }, {
      "y" : 40,
      "x" : 50
    } ],
    "bounds" : {
      "lowerRight" : {
        "y" : 320,
        "x" : 169.53515625
      },
      "upperLeft" : {
        "y" : 230,
        "x" : 125.5
      }
    },
    "resourceId" : "sid-038FF313-758C-41BF-9ECC-3B0C7CA5AAC5",
    "target" : {
      "resourceId" : "sid-D871A01A-72B8-4459-BEB2-C5CDCCB96754"
    },
    "childShapes" : [ ],
    "properties" : {
      "bordercolor" : "#000000",
      "showdiamondmarker" : "",
      "monitoring" : "",
      "name" : "",
      "documentation" : "",
      "probability" : "",
      "conditiontype" : "None",
      "conditionexpression" : "",
      "isimmediate" : "",
      "auditing" : ""
    },
    "stencil" : {
      "id" : "SequenceFlow"
    },
    "outgoing" : [ {
      "resourceId" : "sid-D871A01A-72B8-4459-BEB2-C5CDCCB96754"
    } ]
  }, {
    "dockers" : [ {
      "y" : 40,
      "x" : 50
    }, {
      "y" : 320,
      "x" : 335.5
    }, {
      "y" : 20.5,
      "x" : 20.5
    } ],
    "bounds" : {
      "lowerRight" : {
        "y" : 320,
        "x" : 335.5
      },
      "upperLeft" : {
        "y" : 230,
        "x" : 270
      }
    },
    "resourceId" : "sid-A20720BF-149A-4417-8C89-3925A8555C1F",
    "target" : {
      "resourceId" : "sid-3DD4E56C-F0B2-4BE6-9755-AC7F05081507"
    },
    "childShapes" : [ ],
    "properties" : {
      "bordercolor" : "#000000",
      "showdiamondmarker" : "",
      "monitoring" : "",
      "name" : "",
      "documentation" : "",
      "probability" : "",
      "conditiontype" : "None",
      "conditionexpression" : "",
      "isimmediate" : "",
      "auditing" : ""
    },
    "stencil" : {
      "id" : "SequenceFlow"
    },
    "outgoing" : [ {
      "resourceId" : "sid-3DD4E56C-F0B2-4BE6-9755-AC7F05081507"
    } ]
  }, {
    "dockers" : [ {
      "y" : 40,
      "x" : 50
    }, {
      "y" : 20,
      "x" : 20
    } ],
    "bounds" : {
      "lowerRight" : {
        "y" : 210,
        "x" : 700.40625
      },
      "upperLeft" : {
        "y" : 210,
        "x" : 630
      }
    },
    "resourceId" : "sid-ADEE7CD2-9167-4CAC-9B62-8A10C44A06DD",
    "target" : {
      "resourceId" : "sid-21628C40-7C0D-4A9C-B5F0-7558C6120BAD"
    },
    "childShapes" : [ ],
    "properties" : {
      "bordercolor" : "#000000",
      "showdiamondmarker" : "",
      "monitoring" : "",
      "name" : "",
      "documentation" : "",
      "probability" : "",
      "conditiontype" : "None",
      "conditionexpression" : "",
      "isimmediate" : "",
      "auditing" : ""
    },
    "stencil" : {
      "id" : "SequenceFlow"
    },
    "outgoing" : [ {
      "resourceId" : "sid-21628C40-7C0D-4A9C-B5F0-7558C6120BAD"
    } ]
  } ],
  "properties" : {
    "orientation" : "horizontal",
    "monitoring" : "",
    "modificationdate" : "",
    "namespaces" : "",
    "creationdate" : "",
    "version" : "",
    "author" : "",
    "targetnamespace" : "http://www.signavio.com/bpmn20",
    "name" : "",
    "documentation" : "",
    "language" : "English",
    "auditing" : "",
    "expressionlanguage" : "http://www.w3.org/1999/XPath",
    "typelanguage" : "http://www.w3.org/2001/XMLSchema"
  },
  "ssextensions" : [ "http://oryx-editor.org/stencilsets/extensions/bpmn2.0basicsubset#" ],
  "stencilset" : {
    "url" : "/stencilsets/bpmn2.0/bpmn2.0.json?version=6.0.0",
    "namespace" : "http://b3mn.org/stencilset/bpmn2.0#"
  },
  "stencil" : {
    "id" : "BPMNDiagram"
  }
}