{
  "model" : {
    "numberOfRevisions" : 8,
    "naturalLanguage" : "en",
    "timestampModelCollection" : null,
    "modelingLanguage" : "bpmn20",
    "directoryId" : "2035890772",
    "groupName" : "BPMN2.0_Process",
    "modelDate" : "2012-06-18",
    "modelName" : "Import Process - TRADE-VAN",
    "modelId" : "1305241713"
  },
  "revision" : {
    "connectedness" : 100,
    "elementCounts" : {
      "total" : 29,
      "Task" : 7,
      "SequenceFlow" : 15,
      "StartNoneEvent" : 1,
      "EndNoneEvent" : 1,
      "BPMNDiagram" : 1,
      "ParallelGateway" : 4
    },
    "isLastRevision" : "true",
    "creationDate" : null,
    "revisionNumber" : 8
  }
}