{
  "model" : {
    "numberOfRevisions" : 4,
    "naturalLanguage" : "en",
    "timestampModelCollection" : null,
    "modelingLanguage" : "bpmn20",
    "directoryId" : "2035890772",
    "groupName" : "BPMN2.0_Process",
    "modelDate" : "2012-06-18",
    "modelName" : "Export Process - Korea",
    "modelId" : "886501736"
  },
  "revision" : {
    "connectedness" : 100,
    "elementCounts" : {
      "total" : 31,
      "SequenceFlow" : 16,
      "StartNoneEvent" : 1,
      "Task" : 6,
      "EndNoneEvent" : 1,
      "Exclusive_Databased_Gateway" : 4,
      "BPMNDiagram" : 1,
      "ParallelGateway" : 2
    },
    "isLastRevision" : "true",
    "creationDate" : null,
    "revisionNumber" : 4
  }
}