{
  "model" : {
    "numberOfRevisions" : 2,
    "naturalLanguage" : "en",
    "timestampModelCollection" : null,
    "modelingLanguage" : "bpmn20",
    "directoryId" : "2035890772",
    "groupName" : "BPMN2.0_Process",
    "modelDate" : "2012-06-14",
    "modelName" : "Export Process - TILC - China",
    "modelId" : "864929669"
  },
  "revision" : {
    "connectedness" : 100,
    "elementCounts" : {
      "total" : 19,
      "SequenceFlow" : 9,
      "Task" : 5,
      "StartNoneEvent" : 1,
      "EndNoneEvent" : 1,
      "BPMNDiagram" : 1,
      "Exclusive_Databased_Gateway" : 2
    },
    "isLastRevision" : "true",
    "creationDate" : null,
    "revisionNumber" : 2
  }
}