{
  "model" : {
    "numberOfRevisions" : 8,
    "naturalLanguage" : "en",
    "timestampModelCollection" : null,
    "modelingLanguage" : "bpmn20",
    "directoryId" : "2035890772",
    "groupName" : "BPMN2.0_Process",
    "modelDate" : "2012-06-15",
    "modelName" : "Import Process - CAMDOBIA",
    "modelId" : "591201708"
  },
  "revision" : {
    "connectedness" : 100,
    "elementCounts" : {
      "total" : 29,
      "Task" : 8,
      "SequenceFlow" : 14,
      "StartNoneEvent" : 1,
      "EndNoneEvent" : 2,
      "Exclusive_Databased_Gateway" : 3,
      "BPMNDiagram" : 1
    },
    "isLastRevision" : "true",
    "creationDate" : null,
    "revisionNumber" : 8
  }
}