{
  "bounds" : {
    "lowerRight" : {
      "y" : 1050,
      "x" : 1628
    },
    "upperLeft" : {
      "y" : 0,
      "x" : 0
    }
  },
  "resourceId" : "canvas",
  "childShapes" : [ {
    "dockers" : [ ],
    "bounds" : {
      "lowerRight" : {
        "y" : 310,
        "x" : 45
      },
      "upperLeft" : {
        "y" : 280,
        "x" : 15
      }
    },
    "resourceId" : "sid-89E51157-60FC-496B-8492-D503767D9F95",
    "childShapes" : [ ],
    "properties" : {
      "trigger" : "None",
      "bordercolor" : "#000000",
      "monitoring" : "",
      "dataoutputassociations" : "",
      "outputset" : "",
      "name" : "",
      "dataoutput" : "",
      "documentation" : "",
      "applyincalc" : true,
      "frequency" : "",
      "auditing" : "",
      "bgcolor" : "#ffffff",
      "processid" : ""
    },
    "stencil" : {
      "id" : "StartNoneEvent"
    },
    "outgoing" : [ {
      "resourceId" : "sid-B636E6A9-4CAD-4585-BB4E-47DDCD7C0E79"
    } ]
  }, {
    "dockers" : [ ],
    "bounds" : {
      "lowerRight" : {
        "y" : 335,
        "x" : 323
      },
      "upperLeft" : {
        "y" : 255,
        "x" : 223
      }
    },
    "resourceId" : "sid-E3FF4034-587E-4E01-A09A-EF97C34E6607",
    "childShapes" : [ ],
    "properties" : {
      "resources" : "",
      "outmsgstructure" : "",
      "applyincalc" : true,
      "loopcardinality" : "",
      "bgcolor" : "#FFFFFF",
      "inmessagename" : "",
      "outmessagename" : "",
      "bordercolor" : "#000000",
      "time" : "",
      "loopmaximum" : "",
      "loopdataoutput" : "",
      "testbefore" : "",
      "callacitivity" : "",
      "outmsgiscollection" : "",
      "monitoring" : "",
      "operationname" : "",
      "dataoutputset" : "",
      "completionquantity" : 1,
      "properties" : "",
      "script" : "",
      "assignments" : "",
      "nonebehavioreventref" : "signal",
      "externaldocuments" : [ ],
      "scriptformat" : "",
      "datainputset" : "",
      "processid" : "",
      "tasktype" : "None",
      "startquantity" : 1,
      "looptype" : "None",
      "instantiate" : "",
      "behavior" : "all",
      "inmsgimport" : "",
      "costs" : "",
      "inputdataitem" : "",
      "loopdatainput" : "",
      "name" : "glossary://91e637c1e383489982b7304cebe5cab0/Register Customer Declaration and supp. docs;;",
      "outmsgitemkind" : "Information",
      "costcenter" : "",
      "completioncondition" : "",
      "isforcompensation" : "",
      "risklevel" : "",
      "inmsgiscollection" : "",
      "inmsgitemkind" : "Information",
      "messageref" : "",
      "outputdataitem" : "",
      "inmsgstructure" : "",
      "loopcondition" : "",
      "onebehavioreventref:" : "signal",
      "operationref" : "",
      "implementation" : "webService",
      "outmsgimport" : "",
      "documentation" : "",
      "name_glossary_dirty" : true,
      "categories" : "",
      "auditing" : "",
      "complexbehaviordefinition" : ""
    },
    "stencil" : {
      "id" : "Task"
    },
    "outgoing" : [ {
      "resourceId" : "sid-EA6A5A4F-C554-4122-9F2B-98CE4F00C330"
    } ]
  }, {
    "dockers" : [ ],
    "bounds" : {
      "lowerRight" : {
        "y" : 335,
        "x" : 465
      },
      "upperLeft" : {
        "y" : 255,
        "x" : 365
      }
    },
    "resourceId" : "sid-B064CF69-CACD-467D-A49F-F18A77645136",
    "childShapes" : [ ],
    "properties" : {
      "resources" : "",
      "outmsgstructure" : "",
      "applyincalc" : true,
      "loopcardinality" : "",
      "bgcolor" : "#FFFFFF",
      "inmessagename" : "",
      "outmessagename" : "",
      "bordercolor" : "#000000",
      "time" : "",
      "loopmaximum" : "",
      "loopdataoutput" : "",
      "testbefore" : "",
      "callacitivity" : "",
      "outmsgiscollection" : "",
      "monitoring" : "",
      "operationname" : "",
      "dataoutputset" : "",
      "completionquantity" : 1,
      "properties" : "",
      "script" : "",
      "assignments" : "",
      "nonebehavioreventref" : "signal",
      "externaldocuments" : [ ],
      "scriptformat" : "",
      "datainputset" : "",
      "processid" : "",
      "tasktype" : "None",
      "startquantity" : 1,
      "looptype" : "None",
      "instantiate" : "",
      "behavior" : "all",
      "inmsgimport" : "",
      "costs" : "",
      "inputdataitem" : "",
      "loopdatainput" : "",
      "name" : "glossary://bc5bd4edaa92490bba0b075c85abcd3f/Checking of Customs Declaration and supp. docs;;",
      "outmsgitemkind" : "Information",
      "costcenter" : "",
      "completioncondition" : "",
      "isforcompensation" : "",
      "risklevel" : "",
      "inmsgiscollection" : "",
      "inmsgitemkind" : "Information",
      "messageref" : "",
      "outputdataitem" : "",
      "inmsgstructure" : "",
      "loopcondition" : "",
      "onebehavioreventref:" : "signal",
      "operationref" : "",
      "implementation" : "webService",
      "outmsgimport" : "",
      "documentation" : "",
      "name_glossary_dirty" : true,
      "categories" : "",
      "auditing" : "",
      "complexbehaviordefinition" : ""
    },
    "stencil" : {
      "id" : "Task"
    },
    "outgoing" : [ {
      "resourceId" : "sid-1BAC28F4-0FC4-4CFA-A0FC-C165CE8DF423"
    } ]
  }, {
    "dockers" : [ {
      "y" : 40,
      "x" : 50
    }, {
      "y" : 40,
      "x" : 50
    } ],
    "bounds" : {
      "lowerRight" : {
        "y" : 295,
        "x" : 364.078125
      },
      "upperLeft" : {
        "y" : 295,
        "x" : 323
      }
    },
    "resourceId" : "sid-EA6A5A4F-C554-4122-9F2B-98CE4F00C330",
    "target" : {
      "resourceId" : "sid-B064CF69-CACD-467D-A49F-F18A77645136"
    },
    "childShapes" : [ ],
    "properties" : {
      "bordercolor" : "#000000",
      "showdiamondmarker" : "",
      "monitoring" : "",
      "name" : "",
      "documentation" : "",
      "probability" : "",
      "conditiontype" : "None",
      "conditionexpression" : "",
      "isimmediate" : "",
      "auditing" : ""
    },
    "stencil" : {
      "id" : "SequenceFlow"
    },
    "outgoing" : [ {
      "resourceId" : "sid-B064CF69-CACD-467D-A49F-F18A77645136"
    } ]
  }, {
    "dockers" : [ ],
    "bounds" : {
      "lowerRight" : {
        "y" : 335,
        "x" : 610
      },
      "upperLeft" : {
        "y" : 255,
        "x" : 510
      }
    },
    "resourceId" : "sid-618F775C-63B8-4464-9621-EA46E03E3401",
    "childShapes" : [ ],
    "properties" : {
      "resources" : "",
      "outmsgstructure" : "",
      "applyincalc" : true,
      "loopcardinality" : "",
      "bgcolor" : "#FFFFFF",
      "inmessagename" : "",
      "outmessagename" : "",
      "bordercolor" : "#000000",
      "time" : "",
      "loopmaximum" : "",
      "loopdataoutput" : "",
      "testbefore" : "",
      "callacitivity" : "",
      "outmsgiscollection" : "",
      "monitoring" : "",
      "operationname" : "",
      "dataoutputset" : "",
      "completionquantity" : 1,
      "properties" : "",
      "script" : "",
      "assignments" : "",
      "nonebehavioreventref" : "signal",
      "externaldocuments" : [ ],
      "scriptformat" : "",
      "datainputset" : "",
      "processid" : "",
      "tasktype" : "None",
      "startquantity" : 1,
      "looptype" : "None",
      "instantiate" : "",
      "behavior" : "all",
      "inmsgimport" : "",
      "costs" : "",
      "inputdataitem" : "",
      "loopdatainput" : "",
      "name" : "glossary://0d833c4e7bdb43da933c276e845e5ca3/Calculation and payment of Duties and taxes;;",
      "outmsgitemkind" : "Information",
      "costcenter" : "",
      "completioncondition" : "",
      "isforcompensation" : "",
      "risklevel" : "",
      "inmsgiscollection" : "",
      "inmsgitemkind" : "Information",
      "messageref" : "",
      "outputdataitem" : "",
      "inmsgstructure" : "",
      "loopcondition" : "",
      "onebehavioreventref:" : "signal",
      "operationref" : "",
      "implementation" : "webService",
      "outmsgimport" : "",
      "documentation" : "",
      "name_glossary_dirty" : true,
      "categories" : "",
      "auditing" : "",
      "complexbehaviordefinition" : ""
    },
    "stencil" : {
      "id" : "Task"
    },
    "outgoing" : [ {
      "resourceId" : "sid-6AE060E8-E854-442D-A500-E1A3914AEB6F"
    } ]
  }, {
    "dockers" : [ {
      "y" : 40,
      "x" : 50
    }, {
      "y" : 40,
      "x" : 50
    } ],
    "bounds" : {
      "lowerRight" : {
        "y" : 295,
        "x" : 509.15625
      },
      "upperLeft" : {
        "y" : 295,
        "x" : 465
      }
    },
    "resourceId" : "sid-1BAC28F4-0FC4-4CFA-A0FC-C165CE8DF423",
    "target" : {
      "resourceId" : "sid-618F775C-63B8-4464-9621-EA46E03E3401"
    },
    "childShapes" : [ ],
    "properties" : {
      "bordercolor" : "#000000",
      "showdiamondmarker" : "",
      "monitoring" : "",
      "name" : "",
      "documentation" : "",
      "probability" : "",
      "conditiontype" : "None",
      "conditionexpression" : "",
      "isimmediate" : "",
      "auditing" : ""
    },
    "stencil" : {
      "id" : "SequenceFlow"
    },
    "outgoing" : [ {
      "resourceId" : "sid-618F775C-63B8-4464-9621-EA46E03E3401"
    } ]
  }, {
    "dockers" : [ ],
    "bounds" : {
      "lowerRight" : {
        "y" : 315,
        "x" : 825
      },
      "upperLeft" : {
        "y" : 275,
        "x" : 785
      }
    },
    "resourceId" : "sid-21628C40-7C0D-4A9C-B5F0-7558C6120BAD",
    "childShapes" : [ ],
    "properties" : {
      "xortype" : "Data",
      "monitoring" : "",
      "defaultgate" : "",
      "gatewaytype" : "XOR",
      "gates" : "",
      "assignments" : "",
      "bgcolor" : "#ffffff",
      "bordercolor" : "#000000",
      "pool" : "",
      "gate_assignments" : "",
      "markervisible" : "true",
      "name" : "",
      "documentation" : "",
      "gates_assignments" : "",
      "categories" : "",
      "gate_outgoingsequenceflow" : "",
      "auditing" : "",
      "lanes" : "",
      "gates_outgoingsequenceflow" : "",
      "processid" : ""
    },
    "stencil" : {
      "id" : "Exclusive_Databased_Gateway"
    },
    "outgoing" : [ {
      "resourceId" : "sid-43EA2EE8-E4C4-4DAB-95DF-7CAA3BC0259D"
    }, {
      "resourceId" : "sid-06ABA52F-9D23-4091-8782-E5D346CDF584"
    } ]
  }, {
    "dockers" : [ ],
    "bounds" : {
      "lowerRight" : {
        "y" : 335,
        "x" : 985
      },
      "upperLeft" : {
        "y" : 255,
        "x" : 885
      }
    },
    "resourceId" : "sid-D765C652-AF2F-4ADC-BA1F-CE48787F259B",
    "childShapes" : [ ],
    "properties" : {
      "resources" : "",
      "outmsgstructure" : "",
      "applyincalc" : true,
      "loopcardinality" : "",
      "bgcolor" : "#FFFFFF",
      "inmessagename" : "",
      "outmessagename" : "",
      "bordercolor" : "#000000",
      "time" : "",
      "loopmaximum" : "",
      "loopdataoutput" : "",
      "testbefore" : "",
      "callacitivity" : "",
      "outmsgiscollection" : "",
      "monitoring" : "",
      "operationname" : "",
      "dataoutputset" : "",
      "completionquantity" : 1,
      "properties" : "",
      "script" : "",
      "assignments" : "",
      "nonebehavioreventref" : "signal",
      "externaldocuments" : [ ],
      "scriptformat" : "",
      "datainputset" : "",
      "processid" : "",
      "tasktype" : "None",
      "startquantity" : 1,
      "looptype" : "None",
      "instantiate" : "",
      "behavior" : "all",
      "inmsgimport" : "",
      "costs" : "",
      "inputdataitem" : "",
      "loopdatainput" : "",
      "name" : "glossary://5c513a6a03f74f95b9ed8332327d4f7d/Detailed Examination of Goods;;",
      "outmsgitemkind" : "Information",
      "costcenter" : "",
      "completioncondition" : "",
      "isforcompensation" : "",
      "risklevel" : "",
      "inmsgiscollection" : "",
      "inmsgitemkind" : "Information",
      "messageref" : "",
      "outputdataitem" : "",
      "inmsgstructure" : "",
      "loopcondition" : "",
      "onebehavioreventref:" : "signal",
      "operationref" : "",
      "implementation" : "webService",
      "outmsgimport" : "",
      "documentation" : "",
      "name_glossary_dirty" : false,
      "categories" : "",
      "auditing" : "",
      "complexbehaviordefinition" : ""
    },
    "stencil" : {
      "id" : "Task"
    },
    "outgoing" : [ {
      "resourceId" : "sid-C8FDB219-A39C-4B13-AAE7-59A9A811F3CC"
    } ]
  }, {
    "dockers" : [ ],
    "bounds" : {
      "lowerRight" : {
        "y" : 315,
        "x" : 1245
      },
      "upperLeft" : {
        "y" : 275,
        "x" : 1205
      }
    },
    "resourceId" : "sid-4DEDAD32-2A3C-485E-81A5-D88F765722F9",
    "childShapes" : [ ],
    "properties" : {
      "xortype" : "Data",
      "monitoring" : "",
      "defaultgate" : "",
      "gatewaytype" : "XOR",
      "gates" : "",
      "assignments" : "",
      "bgcolor" : "#ffffff",
      "bordercolor" : "#000000",
      "pool" : "",
      "gate_assignments" : "",
      "markervisible" : "true",
      "name" : "",
      "documentation" : "",
      "gates_assignments" : "",
      "categories" : "",
      "gate_outgoingsequenceflow" : "",
      "auditing" : "",
      "lanes" : "",
      "gates_outgoingsequenceflow" : "",
      "processid" : ""
    },
    "stencil" : {
      "id" : "Exclusive_Databased_Gateway"
    },
    "outgoing" : [ {
      "resourceId" : "sid-47CB9F94-120C-4158-AE50-2C489578CD0C"
    } ]
  }, {
    "dockers" : [ {
      "y" : 20.5,
      "x" : 20.5
    }, {
      "y" : 40,
      "x" : 50
    } ],
    "bounds" : {
      "lowerRight" : {
        "y" : 295.42192027491734,
        "x" : 884.425788703592
      },
      "upperLeft" : {
        "y" : 295.19526722508266,
        "x" : 825.722648796408
      }
    },
    "resourceId" : "sid-43EA2EE8-E4C4-4DAB-95DF-7CAA3BC0259D",
    "labels" : [ {
      "to" : 1,
      "ref" : "text_name",
      "orientation" : "lr",
      "distance" : 18.208688500063854,
      "align" : "right",
      "from" : 0,
      "valign" : "bottom",
      "y" : 295.20077135586484,
      "x" : 883.0002188310117
    } ],
    "target" : {
      "resourceId" : "sid-D765C652-AF2F-4ADC-BA1F-CE48787F259B"
    },
    "childShapes" : [ ],
    "properties" : {
      "bordercolor" : "#000000",
      "showdiamondmarker" : "",
      "monitoring" : "",
      "name" : "Physical \nInspection \nRequired",
      "documentation" : "",
      "probability" : "",
      "conditiontype" : "None",
      "conditionexpression" : "glossary://06324eeafd6942cda309b441f8d048c6/Physical Inspection Required;;",
      "isimmediate" : "",
      "auditing" : "",
      "conditionexpression_glossary_dirty" : false
    },
    "stencil" : {
      "id" : "SequenceFlow"
    },
    "outgoing" : [ {
      "resourceId" : "sid-D765C652-AF2F-4ADC-BA1F-CE48787F259B"
    } ]
  }, {
    "dockers" : [ ],
    "bounds" : {
      "lowerRight" : {
        "y" : 335,
        "x" : 1385
      },
      "upperLeft" : {
        "y" : 255,
        "x" : 1285
      }
    },
    "resourceId" : "sid-D75E5DA3-F57B-4351-B200-585C6E3C2FCE",
    "childShapes" : [ ],
    "properties" : {
      "resources" : "",
      "outmsgstructure" : "",
      "applyincalc" : true,
      "loopcardinality" : "",
      "bgcolor" : "#FFFFFF",
      "inmessagename" : "",
      "outmessagename" : "",
      "bordercolor" : "#000000",
      "time" : "",
      "loopmaximum" : "",
      "loopdataoutput" : "",
      "testbefore" : "",
      "callacitivity" : "",
      "outmsgiscollection" : "",
      "monitoring" : "",
      "operationname" : "",
      "dataoutputset" : "",
      "completionquantity" : 1,
      "properties" : "",
      "script" : "",
      "assignments" : "",
      "nonebehavioreventref" : "signal",
      "externaldocuments" : [ ],
      "scriptformat" : "",
      "datainputset" : "",
      "processid" : "",
      "tasktype" : "None",
      "startquantity" : 1,
      "looptype" : "None",
      "instantiate" : "",
      "behavior" : "all",
      "inmsgimport" : "",
      "costs" : "",
      "inputdataitem" : "",
      "loopdatainput" : "",
      "name" : "glossary://318188729f204ae794c4de316f8ac565/Release Goods;;",
      "outmsgitemkind" : "Information",
      "costcenter" : "",
      "completioncondition" : "",
      "isforcompensation" : "",
      "risklevel" : "",
      "inmsgiscollection" : "",
      "inmsgitemkind" : "Information",
      "messageref" : "",
      "outputdataitem" : "",
      "inmsgstructure" : "",
      "loopcondition" : "",
      "onebehavioreventref:" : "signal",
      "operationref" : "",
      "implementation" : "webService",
      "outmsgimport" : "",
      "documentation" : "",
      "name_glossary_dirty" : false,
      "categories" : "",
      "auditing" : "",
      "complexbehaviordefinition" : ""
    },
    "stencil" : {
      "id" : "Task"
    },
    "outgoing" : [ {
      "resourceId" : "sid-5D4F6BCE-40B2-4755-87C0-90714EA112D6"
    } ]
  }, {
    "dockers" : [ ],
    "bounds" : {
      "lowerRight" : {
        "y" : 309,
        "x" : 1448
      },
      "upperLeft" : {
        "y" : 281,
        "x" : 1420
      }
    },
    "resourceId" : "sid-6AE5F91D-8966-4C92-BF87-8E9D7EC8A36B",
    "childShapes" : [ ],
    "properties" : {
      "inputset" : "",
      "trigger" : "None",
      "bordercolor" : "#000000",
      "monitoring" : "",
      "datainputassociations" : "",
      "name" : "",
      "documentation" : "",
      "datainput" : "",
      "auditing" : "",
      "bgcolor" : "#ffffff"
    },
    "stencil" : {
      "id" : "EndNoneEvent"
    },
    "outgoing" : [ ]
  }, {
    "dockers" : [ {
      "y" : 20.5,
      "x" : 20.5
    }, {
      "y" : 405,
      "x" : 805.5
    }, {
      "y" : 405,
      "x" : 1225.5
    }, {
      "y" : 20.5,
      "x" : 20.5
    } ],
    "bounds" : {
      "lowerRight" : {
        "y" : 405,
        "x" : 1225.5
      },
      "upperLeft" : {
        "y" : 315,
        "x" : 805.5
      }
    },
    "resourceId" : "sid-06ABA52F-9D23-4091-8782-E5D346CDF584",
    "labels" : [ {
      "to" : 2,
      "ref" : "text_name",
      "orientation" : "ll",
      "distance" : 8,
      "align" : "left",
      "from" : 1,
      "valign" : "bottom",
      "y" : 405,
      "x" : 841.3749999999997
    } ],
    "target" : {
      "resourceId" : "sid-4DEDAD32-2A3C-485E-81A5-D88F765722F9"
    },
    "childShapes" : [ ],
    "properties" : {
      "bordercolor" : "#000000",
      "showdiamondmarker" : "",
      "monitoring" : "",
      "name" : "Physical Inspection not required",
      "documentation" : "",
      "probability" : "",
      "conditiontype" : "None",
      "conditionexpression" : "glossary://e78e28c230ef4b5b8c67bdb32995a068/Physical Inspection not required;;",
      "isimmediate" : "",
      "auditing" : "",
      "conditionexpression_glossary_dirty" : false
    },
    "stencil" : {
      "id" : "SequenceFlow"
    },
    "outgoing" : [ {
      "resourceId" : "sid-4DEDAD32-2A3C-485E-81A5-D88F765722F9"
    } ]
  }, {
    "dockers" : [ ],
    "bounds" : {
      "lowerRight" : {
        "y" : 335,
        "x" : 745
      },
      "upperLeft" : {
        "y" : 255,
        "x" : 645
      }
    },
    "resourceId" : "sid-38F7351D-27BF-48EA-BEAA-6CE0F2E46422",
    "childShapes" : [ ],
    "properties" : {
      "resources" : "",
      "outmsgstructure" : "",
      "applyincalc" : true,
      "loopcardinality" : "",
      "bgcolor" : "#FFFFFF",
      "inmessagename" : "",
      "outmessagename" : "",
      "bordercolor" : "#000000",
      "time" : "",
      "loopmaximum" : "",
      "loopdataoutput" : "",
      "testbefore" : "",
      "callacitivity" : "",
      "outmsgiscollection" : "",
      "monitoring" : "",
      "operationname" : "",
      "dataoutputset" : "",
      "completionquantity" : 1,
      "properties" : "",
      "script" : "",
      "assignments" : "",
      "nonebehavioreventref" : "signal",
      "externaldocuments" : [ ],
      "scriptformat" : "",
      "datainputset" : "",
      "processid" : "",
      "startquantity" : 1,
      "tasktype" : "None",
      "looptype" : "None",
      "instantiate" : "",
      "behavior" : "all",
      "inmsgimport" : "",
      "costs" : "",
      "inputdataitem" : "",
      "loopdatainput" : "",
      "name" : "Deciding if physical inspection is required",
      "outmsgitemkind" : "Information",
      "costcenter" : "",
      "completioncondition" : "",
      "isforcompensation" : "",
      "risklevel" : "",
      "inmsgiscollection" : "",
      "inmsgitemkind" : "Information",
      "messageref" : "",
      "outputdataitem" : "",
      "inmsgstructure" : "",
      "loopcondition" : "",
      "onebehavioreventref:" : "signal",
      "operationref" : "",
      "implementation" : "webService",
      "outmsgimport" : "",
      "documentation" : "",
      "categories" : "",
      "auditing" : "",
      "complexbehaviordefinition" : ""
    },
    "stencil" : {
      "id" : "Task"
    },
    "outgoing" : [ {
      "resourceId" : "sid-4A27987B-C2E0-4EB3-BD94-75341F094240"
    } ]
  }, {
    "dockers" : [ {
      "y" : 40,
      "x" : 50
    }, {
      "y" : 20.5,
      "x" : 20.5
    } ],
    "bounds" : {
      "lowerRight" : {
        "y" : 295.4056314094441,
        "x" : 784.6445414871434
      },
      "upperLeft" : {
        "y" : 295.2262443438914,
        "x" : 745
      }
    },
    "resourceId" : "sid-4A27987B-C2E0-4EB3-BD94-75341F094240",
    "target" : {
      "resourceId" : "sid-21628C40-7C0D-4A9C-B5F0-7558C6120BAD"
    },
    "childShapes" : [ ],
    "properties" : {
      "bordercolor" : "#000000",
      "showdiamondmarker" : "",
      "monitoring" : "",
      "name" : "",
      "documentation" : "",
      "probability" : "",
      "conditiontype" : "None",
      "conditionexpression" : "",
      "isimmediate" : "",
      "auditing" : ""
    },
    "stencil" : {
      "id" : "SequenceFlow"
    },
    "outgoing" : [ {
      "resourceId" : "sid-21628C40-7C0D-4A9C-B5F0-7558C6120BAD"
    } ]
  }, {
    "dockers" : [ ],
    "bounds" : {
      "lowerRight" : {
        "y" : 185,
        "x" : 1180
      },
      "upperLeft" : {
        "y" : 105,
        "x" : 1080
      }
    },
    "resourceId" : "sid-CBBD014B-AF43-495B-9F7E-430DAB504B3B",
    "childShapes" : [ ],
    "properties" : {
      "resources" : "",
      "outmsgstructure" : "",
      "applyincalc" : true,
      "loopcardinality" : "",
      "bgcolor" : "#FFFFFF",
      "inmessagename" : "",
      "outmessagename" : "",
      "bordercolor" : "#000000",
      "time" : "",
      "loopmaximum" : "",
      "loopdataoutput" : "",
      "testbefore" : "",
      "callacitivity" : "",
      "outmsgiscollection" : "",
      "monitoring" : "",
      "operationname" : "",
      "dataoutputset" : "",
      "completionquantity" : 1,
      "properties" : "",
      "script" : "",
      "assignments" : "",
      "nonebehavioreventref" : "signal",
      "externaldocuments" : [ ],
      "scriptformat" : "",
      "datainputset" : "",
      "processid" : "",
      "startquantity" : 1,
      "tasktype" : "None",
      "looptype" : "None",
      "instantiate" : "",
      "behavior" : "all",
      "inmsgimport" : "",
      "costs" : "",
      "inputdataitem" : "",
      "loopdatainput" : "",
      "name" : "Detain Goods for Investigation",
      "outmsgitemkind" : "Information",
      "costcenter" : "",
      "completioncondition" : "",
      "isforcompensation" : "",
      "risklevel" : "",
      "inmsgiscollection" : "",
      "inmsgitemkind" : "Information",
      "messageref" : "",
      "outputdataitem" : "",
      "inmsgstructure" : "",
      "loopcondition" : "",
      "onebehavioreventref:" : "signal",
      "operationref" : "",
      "implementation" : "webService",
      "outmsgimport" : "",
      "documentation" : "",
      "categories" : "",
      "auditing" : "",
      "complexbehaviordefinition" : ""
    },
    "stencil" : {
      "id" : "Task"
    },
    "outgoing" : [ {
      "resourceId" : "sid-8783AEF0-EEEA-435D-865D-24FDFF3494D0"
    } ]
  }, {
    "dockers" : [ {
      "y" : 40,
      "x" : 50
    }, {
      "y" : 14,
      "x" : 14
    } ],
    "bounds" : {
      "lowerRight" : {
        "y" : 295,
        "x" : 1419.078125
      },
      "upperLeft" : {
        "y" : 295,
        "x" : 1385
      }
    },
    "resourceId" : "sid-5D4F6BCE-40B2-4755-87C0-90714EA112D6",
    "target" : {
      "resourceId" : "sid-6AE5F91D-8966-4C92-BF87-8E9D7EC8A36B"
    },
    "childShapes" : [ ],
    "properties" : {
      "bordercolor" : "#000000",
      "showdiamondmarker" : "",
      "monitoring" : "",
      "name" : "",
      "documentation" : "",
      "probability" : "",
      "conditiontype" : "None",
      "conditionexpression" : "",
      "isimmediate" : "",
      "auditing" : ""
    },
    "stencil" : {
      "id" : "SequenceFlow"
    },
    "outgoing" : [ {
      "resourceId" : "sid-6AE5F91D-8966-4C92-BF87-8E9D7EC8A36B"
    } ]
  }, {
    "dockers" : [ {
      "y" : 20,
      "x" : 20
    }, {
      "y" : 40,
      "x" : 50
    } ],
    "bounds" : {
      "lowerRight" : {
        "y" : 295,
        "x" : 1284.15625
      },
      "upperLeft" : {
        "y" : 295,
        "x" : 1244.90625
      }
    },
    "resourceId" : "sid-47CB9F94-120C-4158-AE50-2C489578CD0C",
    "target" : {
      "resourceId" : "sid-D75E5DA3-F57B-4351-B200-585C6E3C2FCE"
    },
    "childShapes" : [ ],
    "properties" : {
      "bordercolor" : "#000000",
      "showdiamondmarker" : false,
      "monitoring" : "",
      "name" : "",
      "documentation" : "",
      "probability" : "",
      "conditiontype" : "None",
      "conditionexpression" : "",
      "isimmediate" : "",
      "auditing" : ""
    },
    "stencil" : {
      "id" : "SequenceFlow"
    },
    "outgoing" : [ {
      "resourceId" : "sid-D75E5DA3-F57B-4351-B200-585C6E3C2FCE"
    } ]
  }, {
    "dockers" : [ ],
    "bounds" : {
      "lowerRight" : {
        "y" : 315,
        "x" : 1055
      },
      "upperLeft" : {
        "y" : 275,
        "x" : 1015
      }
    },
    "resourceId" : "sid-AD60182E-E249-4CAA-9819-5262C71BB042",
    "childShapes" : [ ],
    "properties" : {
      "xortype" : "Data",
      "monitoring" : "",
      "defaultgate" : "",
      "gatewaytype" : "XOR",
      "gates" : "",
      "assignments" : "",
      "bgcolor" : "#ffffff",
      "bordercolor" : "#000000",
      "pool" : "",
      "gate_assignments" : "",
      "markervisible" : "true",
      "name" : "",
      "documentation" : "",
      "gates_assignments" : "",
      "categories" : "",
      "gate_outgoingsequenceflow" : "",
      "auditing" : "",
      "lanes" : "",
      "gates_outgoingsequenceflow" : "",
      "processid" : ""
    },
    "stencil" : {
      "id" : "Exclusive_Databased_Gateway"
    },
    "outgoing" : [ {
      "resourceId" : "sid-57DC52FE-A73E-4D2F-ABBC-D69BC3A066D5"
    }, {
      "resourceId" : "sid-125F70E8-36A2-41AE-BD22-FD24C4218212"
    } ]
  }, {
    "dockers" : [ {
      "y" : 40,
      "x" : 50
    }, {
      "y" : 20.5,
      "x" : 20.5
    } ],
    "bounds" : {
      "lowerRight" : {
        "y" : 295.39736868719257,
        "x" : 1014.8711061257015
      },
      "upperLeft" : {
        "y" : 295.2487562189055,
        "x" : 985
      }
    },
    "resourceId" : "sid-C8FDB219-A39C-4B13-AAE7-59A9A811F3CC",
    "target" : {
      "resourceId" : "sid-AD60182E-E249-4CAA-9819-5262C71BB042"
    },
    "childShapes" : [ ],
    "properties" : {
      "bordercolor" : "#000000",
      "showdiamondmarker" : "",
      "monitoring" : "",
      "name" : "",
      "documentation" : "",
      "probability" : "",
      "conditiontype" : "None",
      "conditionexpression" : "",
      "isimmediate" : "",
      "auditing" : ""
    },
    "stencil" : {
      "id" : "SequenceFlow"
    },
    "outgoing" : [ {
      "resourceId" : "sid-AD60182E-E249-4CAA-9819-5262C71BB042"
    } ]
  }, {
    "dockers" : [ ],
    "bounds" : {
      "lowerRight" : {
        "y" : 159,
        "x" : 1253
      },
      "upperLeft" : {
        "y" : 131,
        "x" : 1225
      }
    },
    "resourceId" : "sid-6DBF0E44-D1B5-4598-872A-2E6A4C64AF91",
    "childShapes" : [ ],
    "properties" : {
      "inputset" : "",
      "trigger" : "None",
      "bordercolor" : "#000000",
      "monitoring" : "",
      "datainputassociations" : "",
      "name" : "",
      "documentation" : "",
      "datainput" : "",
      "auditing" : "",
      "bgcolor" : "#ffffff"
    },
    "stencil" : {
      "id" : "EndNoneEvent"
    },
    "outgoing" : [ ]
  }, {
    "dockers" : [ {
      "y" : 40,
      "x" : 50
    }, {
      "y" : 14,
      "x" : 14
    } ],
    "bounds" : {
      "lowerRight" : {
        "y" : 145,
        "x" : 1224.375
      },
      "upperLeft" : {
        "y" : 145,
        "x" : 1180
      }
    },
    "resourceId" : "sid-8783AEF0-EEEA-435D-865D-24FDFF3494D0",
    "target" : {
      "resourceId" : "sid-6DBF0E44-D1B5-4598-872A-2E6A4C64AF91"
    },
    "childShapes" : [ ],
    "properties" : {
      "bordercolor" : "#000000",
      "showdiamondmarker" : "",
      "monitoring" : "",
      "name" : "",
      "documentation" : "",
      "probability" : "",
      "conditiontype" : "None",
      "conditionexpression" : "",
      "isimmediate" : "",
      "auditing" : ""
    },
    "stencil" : {
      "id" : "SequenceFlow"
    },
    "outgoing" : [ {
      "resourceId" : "sid-6DBF0E44-D1B5-4598-872A-2E6A4C64AF91"
    } ]
  }, {
    "dockers" : [ ],
    "bounds" : {
      "lowerRight" : {
        "y" : 335,
        "x" : 190
      },
      "upperLeft" : {
        "y" : 255,
        "x" : 90
      }
    },
    "resourceId" : "sid-CC94BAE5-0B98-4124-806A-CD5006E7FF55",
    "childShapes" : [ ],
    "properties" : {
      "resources" : "",
      "outmsgstructure" : "",
      "applyincalc" : true,
      "loopcardinality" : "",
      "bgcolor" : "#FFFFFF",
      "inmessagename" : "",
      "outmessagename" : "",
      "bordercolor" : "#000000",
      "time" : "",
      "loopmaximum" : "",
      "loopdataoutput" : "",
      "testbefore" : "",
      "callacitivity" : "",
      "outmsgiscollection" : "",
      "monitoring" : "",
      "operationname" : "",
      "dataoutputset" : "",
      "completionquantity" : 1,
      "properties" : "",
      "script" : "",
      "assignments" : "",
      "nonebehavioreventref" : "signal",
      "externaldocuments" : "",
      "scriptformat" : "",
      "datainputset" : "",
      "processid" : "",
      "startquantity" : 1,
      "tasktype" : "None",
      "looptype" : "None",
      "instantiate" : "",
      "behavior" : "all",
      "inmsgimport" : "",
      "costs" : "",
      "inputdataitem" : "",
      "loopdatainput" : "",
      "name" : "Submit Import Documents",
      "outmsgitemkind" : "Information",
      "costcenter" : "",
      "completioncondition" : "",
      "isforcompensation" : "",
      "risklevel" : "",
      "inmsgiscollection" : "",
      "inmsgitemkind" : "Information",
      "messageref" : "",
      "outputdataitem" : "",
      "inmsgstructure" : "",
      "loopcondition" : "",
      "onebehavioreventref:" : "signal",
      "operationref" : "",
      "implementation" : "webService",
      "outmsgimport" : "",
      "documentation" : "",
      "categories" : "",
      "auditing" : "",
      "complexbehaviordefinition" : ""
    },
    "stencil" : {
      "id" : "Task"
    },
    "outgoing" : [ {
      "resourceId" : "sid-CD2AD6C8-C62A-46CF-9914-FD7230F575BE"
    } ]
  }, {
    "dockers" : [ {
      "y" : 15,
      "x" : 15
    }, {
      "y" : 40,
      "x" : 50
    } ],
    "bounds" : {
      "lowerRight" : {
        "y" : 295,
        "x" : 89.15625
      },
      "upperLeft" : {
        "y" : 295,
        "x" : 45.609375
      }
    },
    "resourceId" : "sid-B636E6A9-4CAD-4585-BB4E-47DDCD7C0E79",
    "target" : {
      "resourceId" : "sid-CC94BAE5-0B98-4124-806A-CD5006E7FF55"
    },
    "childShapes" : [ ],
    "properties" : {
      "bordercolor" : "#000000",
      "showdiamondmarker" : "",
      "monitoring" : "",
      "name" : "",
      "documentation" : "",
      "probability" : "",
      "conditiontype" : "None",
      "conditionexpression" : "",
      "isimmediate" : "",
      "auditing" : ""
    },
    "stencil" : {
      "id" : "SequenceFlow"
    },
    "outgoing" : [ {
      "resourceId" : "sid-CC94BAE5-0B98-4124-806A-CD5006E7FF55"
    } ]
  }, {
    "dockers" : [ {
      "y" : 40,
      "x" : 50
    }, {
      "y" : 40,
      "x" : 50
    } ],
    "bounds" : {
      "lowerRight" : {
        "y" : 295,
        "x" : 222.125
      },
      "upperLeft" : {
        "y" : 295,
        "x" : 190
      }
    },
    "resourceId" : "sid-CD2AD6C8-C62A-46CF-9914-FD7230F575BE",
    "target" : {
      "resourceId" : "sid-E3FF4034-587E-4E01-A09A-EF97C34E6607"
    },
    "childShapes" : [ ],
    "properties" : {
      "bordercolor" : "#000000",
      "showdiamondmarker" : "",
      "monitoring" : "",
      "name" : "",
      "documentation" : "",
      "probability" : "",
      "conditiontype" : "None",
      "conditionexpression" : "",
      "isimmediate" : "",
      "auditing" : ""
    },
    "stencil" : {
      "id" : "SequenceFlow"
    },
    "outgoing" : [ {
      "resourceId" : "sid-E3FF4034-587E-4E01-A09A-EF97C34E6607"
    } ]
  }, {
    "dockers" : [ {
      "y" : 40,
      "x" : 50
    }, {
      "y" : 40,
      "x" : 50
    } ],
    "bounds" : {
      "lowerRight" : {
        "y" : 295,
        "x" : 644.4296875
      },
      "upperLeft" : {
        "y" : 295,
        "x" : 610
      }
    },
    "resourceId" : "sid-6AE060E8-E854-442D-A500-E1A3914AEB6F",
    "target" : {
      "resourceId" : "sid-38F7351D-27BF-48EA-BEAA-6CE0F2E46422"
    },
    "childShapes" : [ ],
    "properties" : {
      "bordercolor" : "#000000",
      "showdiamondmarker" : "",
      "monitoring" : "",
      "name" : "",
      "documentation" : "",
      "probability" : "",
      "conditiontype" : "None",
      "conditionexpression" : "",
      "isimmediate" : "",
      "auditing" : ""
    },
    "stencil" : {
      "id" : "SequenceFlow"
    },
    "outgoing" : [ {
      "resourceId" : "sid-38F7351D-27BF-48EA-BEAA-6CE0F2E46422"
    } ]
  }, {
    "dockers" : [ {
      "y" : 20.5,
      "x" : 20.5
    }, {
      "y" : 145,
      "x" : 1035.5
    }, {
      "y" : 40,
      "x" : 50
    } ],
    "bounds" : {
      "lowerRight" : {
        "y" : 274.51171875,
        "x" : 1079.53515625
      },
      "upperLeft" : {
        "y" : 145,
        "x" : 1035.5
      }
    },
    "resourceId" : "sid-125F70E8-36A2-41AE-BD22-FD24C4218212",
    "target" : {
      "resourceId" : "sid-CBBD014B-AF43-495B-9F7E-430DAB504B3B"
    },
    "childShapes" : [ ],
    "properties" : {
      "bordercolor" : "#000000",
      "showdiamondmarker" : "",
      "monitoring" : "",
      "name" : "Discrepacy Found",
      "documentation" : "",
      "probability" : "",
      "conditiontype" : "None",
      "conditionexpression" : "",
      "isimmediate" : "",
      "auditing" : ""
    },
    "stencil" : {
      "id" : "SequenceFlow"
    },
    "outgoing" : [ {
      "resourceId" : "sid-CBBD014B-AF43-495B-9F7E-430DAB504B3B"
    } ]
  }, {
    "dockers" : [ {
      "y" : 20.5,
      "x" : 20.5
    }, {
      "y" : 20.5,
      "x" : 20.5
    } ],
    "bounds" : {
      "lowerRight" : {
        "y" : 295.5,
        "x" : 1204.4609375
      },
      "upperLeft" : {
        "y" : 295.5,
        "x" : 1055
      }
    },
    "resourceId" : "sid-57DC52FE-A73E-4D2F-ABBC-D69BC3A066D5",
    "target" : {
      "resourceId" : "sid-4DEDAD32-2A3C-485E-81A5-D88F765722F9"
    },
    "childShapes" : [ ],
    "properties" : {
      "bordercolor" : "#000000",
      "showdiamondmarker" : "",
      "monitoring" : "",
      "name" : "No Discrepacy Found",
      "documentation" : "",
      "probability" : "",
      "conditiontype" : "None",
      "conditionexpression" : "",
      "isimmediate" : "",
      "auditing" : ""
    },
    "stencil" : {
      "id" : "SequenceFlow"
    },
    "outgoing" : [ {
      "resourceId" : "sid-4DEDAD32-2A3C-485E-81A5-D88F765722F9"
    } ]
  } ],
  "properties" : {
    "orientation" : "horizontal",
    "monitoring" : "",
    "modificationdate" : "",
    "namespaces" : "",
    "creationdate" : "",
    "version" : "",
    "author" : "",
    "targetnamespace" : "http://www.signavio.com/bpmn20",
    "name" : "",
    "documentation" : "",
    "language" : "English",
    "auditing" : "",
    "expressionlanguage" : "http://www.w3.org/1999/XPath",
    "typelanguage" : "http://www.w3.org/2001/XMLSchema"
  },
  "ssextensions" : [ "http://oryx-editor.org/stencilsets/extensions/bpmn2.0basicsubset#" ],
  "stencilset" : {
    "url" : "/stencilsets/bpmn2.0/bpmn2.0.json?version=6.0.0",
    "namespace" : "http://b3mn.org/stencilset/bpmn2.0#"
  },
  "stencil" : {
    "id" : "BPMNDiagram"
  }
}