{
  "model" : {
    "numberOfRevisions" : 5,
    "naturalLanguage" : "en",
    "timestampModelCollection" : null,
    "modelingLanguage" : "bpmn20",
    "directoryId" : "2035890772",
    "groupName" : "BPMN2.0_Process",
    "modelDate" : "2012-06-18",
    "modelName" : "Import_US_FDA",
    "modelId" : "681319930"
  },
  "revision" : {
    "connectedness" : 100,
    "elementCounts" : {
      "total" : 65,
      "SequenceFlow" : 35,
      "Task" : 15,
      "StartNoneEvent" : 1,
      "EndNoneEvent" : 2,
      "Exclusive_Databased_Gateway" : 8,
      "BPMNDiagram" : 1,
      "ParallelGateway" : 3
    },
    "isLastRevision" : "true",
    "creationDate" : null,
    "revisionNumber" : 5
  }
}