{
  "bounds" : {
    "lowerRight" : {
      "y" : 1785,
      "x" : 1485
    },
    "upperLeft" : {
      "y" : 0,
      "x" : 0
    }
  },
  "resourceId" : "canvas",
  "childShapes" : [ {
    "dockers" : [ ],
    "bounds" : {
      "lowerRight" : {
        "y" : 46.49999950826168,
        "x" : 315
      },
      "upperLeft" : {
        "y" : 16.49999950826168,
        "x" : 285
      }
    },
    "resourceId" : "sid-0FF5E9D4-B6F7-4A17-B0DB-B8C2BD948849",
    "childShapes" : [ ],
    "properties" : {
      "trigger" : "None",
      "bordercolor" : "#000000",
      "monitoring" : "",
      "dataoutputassociations" : "",
      "outputset" : "",
      "name" : "",
      "dataoutput" : "",
      "documentation" : "",
      "applyincalc" : true,
      "frequency" : "",
      "auditing" : "",
      "bgcolor" : "#ffffff",
      "processid" : ""
    },
    "stencil" : {
      "id" : "StartNoneEvent"
    },
    "outgoing" : [ {
      "resourceId" : "sid-FAF37996-9D32-481A-9E8B-50ADDDF1D6ED"
    } ]
  }, {
    "dockers" : [ ],
    "bounds" : {
      "lowerRight" : {
        "y" : 115,
        "x" : 320
      },
      "upperLeft" : {
        "y" : 75,
        "x" : 280
      }
    },
    "resourceId" : "sid-6E31338B-1928-4594-A897-83D349D89176",
    "childShapes" : [ ],
    "properties" : {
      "monitoring" : "",
      "gatewaytype" : "AND",
      "gates" : "",
      "assignments" : "",
      "bgcolor" : "#ffffff",
      "bordercolor" : "#000000",
      "pool" : "",
      "name" : "",
      "documentation" : "",
      "gates_assignments" : "",
      "categories" : "",
      "auditing" : "",
      "lanes" : "",
      "gates_outgoingsequenceflow" : "",
      "processid" : ""
    },
    "stencil" : {
      "id" : "ParallelGateway"
    },
    "outgoing" : [ {
      "resourceId" : "sid-C406DF30-C608-4B11-B13C-E13F5210E6BE"
    }, {
      "resourceId" : "sid-9E43B823-F904-49CB-870D-2D85301374C2"
    }, {
      "resourceId" : "sid-1D18CE13-039C-4C3E-8B94-31CCC8FD87C7"
    } ]
  }, {
    "dockers" : [ {
      "y" : 15,
      "x" : 15
    }, {
      "y" : 20.5,
      "x" : 20.5
    } ],
    "bounds" : {
      "lowerRight" : {
        "y" : 74.50003036251252,
        "x" : 300.3359377384677
      },
      "upperLeft" : {
        "y" : 46.499969099648695,
        "x" : 300.1171872615323
      }
    },
    "resourceId" : "sid-FAF37996-9D32-481A-9E8B-50ADDDF1D6ED",
    "target" : {
      "resourceId" : "sid-6E31338B-1928-4594-A897-83D349D89176"
    },
    "childShapes" : [ ],
    "properties" : {
      "bordercolor" : "#000000",
      "showdiamondmarker" : "",
      "monitoring" : "",
      "name" : "",
      "documentation" : "",
      "probability" : "",
      "conditiontype" : "None",
      "conditionexpression" : "",
      "isimmediate" : "",
      "auditing" : ""
    },
    "stencil" : {
      "id" : "SequenceFlow"
    },
    "outgoing" : [ {
      "resourceId" : "sid-6E31338B-1928-4594-A897-83D349D89176"
    } ]
  }, {
    "dockers" : [ ],
    "bounds" : {
      "lowerRight" : {
        "y" : 225.00000000000003,
        "x" : 350
      },
      "upperLeft" : {
        "y" : 145.00000000000003,
        "x" : 250
      }
    },
    "resourceId" : "sid-82FD6174-7B25-4759-8C00-035C9A097C15",
    "childShapes" : [ ],
    "properties" : {
      "resources" : "",
      "outmsgstructure" : "",
      "applyincalc" : true,
      "loopcardinality" : "",
      "bgcolor" : "#FFFFFF",
      "inmessagename" : "",
      "outmessagename" : "",
      "bordercolor" : "#000000",
      "time" : "",
      "loopmaximum" : "",
      "loopdataoutput" : "",
      "testbefore" : "",
      "callacitivity" : "",
      "outmsgiscollection" : "",
      "monitoring" : "",
      "operationname" : "",
      "dataoutputset" : "",
      "completionquantity" : 1,
      "properties" : "",
      "script" : "",
      "assignments" : "",
      "nonebehavioreventref" : "signal",
      "externaldocuments" : [ ],
      "scriptformat" : "",
      "datainputset" : "",
      "processid" : "",
      "startquantity" : 1,
      "tasktype" : "None",
      "looptype" : "None",
      "instantiate" : "",
      "behavior" : "all",
      "inmsgimport" : "",
      "costs" : "",
      "inputdataitem" : "",
      "loopdatainput" : "",
      "name" : "Register Custom Declaration and support. documents",
      "outmsgitemkind" : "Information",
      "costcenter" : "",
      "completioncondition" : "",
      "isforcompensation" : "",
      "risklevel" : "",
      "inmsgiscollection" : "",
      "inmsgitemkind" : "Information",
      "messageref" : "",
      "outputdataitem" : "",
      "inmsgstructure" : "",
      "loopcondition" : "",
      "onebehavioreventref:" : "signal",
      "operationref" : "",
      "implementation" : "webService",
      "outmsgimport" : "",
      "documentation" : "",
      "categories" : "",
      "auditing" : "",
      "complexbehaviordefinition" : ""
    },
    "stencil" : {
      "id" : "Task"
    },
    "outgoing" : [ {
      "resourceId" : "sid-3941C6BB-8A2A-4DA3-B23F-50F8E4AE82AD"
    } ]
  }, {
    "dockers" : [ ],
    "bounds" : {
      "lowerRight" : {
        "y" : 225.00000000000003,
        "x" : 512.4999877065425
      },
      "upperLeft" : {
        "y" : 145.00000000000003,
        "x" : 412.49998770654236
      }
    },
    "resourceId" : "sid-F8151844-09E4-458C-A414-DE369C972B08",
    "childShapes" : [ ],
    "properties" : {
      "resources" : "",
      "outmsgstructure" : "",
      "applyincalc" : true,
      "loopcardinality" : "",
      "bgcolor" : "#FFFFFF",
      "inmessagename" : "",
      "outmessagename" : "",
      "bordercolor" : "#000000",
      "time" : "",
      "loopmaximum" : "",
      "loopdataoutput" : "",
      "testbefore" : "",
      "callacitivity" : "",
      "outmsgiscollection" : "",
      "monitoring" : "",
      "operationname" : "",
      "dataoutputset" : "",
      "completionquantity" : 1,
      "properties" : "",
      "script" : "",
      "assignments" : "",
      "nonebehavioreventref" : "signal",
      "externaldocuments" : [ ],
      "scriptformat" : "",
      "datainputset" : "",
      "processid" : "",
      "startquantity" : 1,
      "tasktype" : "None",
      "looptype" : "None",
      "instantiate" : "",
      "behavior" : "all",
      "inmsgimport" : "",
      "costs" : "",
      "inputdataitem" : "",
      "loopdatainput" : "",
      "name" : "Processing Import Permit",
      "outmsgitemkind" : "Information",
      "costcenter" : "",
      "completioncondition" : "",
      "isforcompensation" : "",
      "risklevel" : "",
      "inmsgiscollection" : "",
      "inmsgitemkind" : "Information",
      "messageref" : "",
      "outputdataitem" : "",
      "inmsgstructure" : "",
      "loopcondition" : "",
      "onebehavioreventref:" : "signal",
      "operationref" : "",
      "implementation" : "webService",
      "outmsgimport" : "",
      "documentation" : "",
      "categories" : "",
      "auditing" : "",
      "complexbehaviordefinition" : ""
    },
    "stencil" : {
      "id" : "Task"
    },
    "outgoing" : [ {
      "resourceId" : "sid-C8EDAF33-709F-4B64-8B57-38402769F800"
    } ]
  }, {
    "dockers" : [ ],
    "bounds" : {
      "lowerRight" : {
        "y" : 225.00000000000003,
        "x" : 182.49999754130846
      },
      "upperLeft" : {
        "y" : 145,
        "x" : 82.49999754130847
      }
    },
    "resourceId" : "sid-F4DF74A1-356B-441F-AB72-885DC1B3325A",
    "childShapes" : [ ],
    "properties" : {
      "resources" : "",
      "outmsgstructure" : "",
      "applyincalc" : true,
      "loopcardinality" : "",
      "bgcolor" : "#FFFFFF",
      "inmessagename" : "",
      "outmessagename" : "",
      "bordercolor" : "#000000",
      "time" : "",
      "loopmaximum" : "",
      "loopdataoutput" : "",
      "testbefore" : "",
      "callacitivity" : "",
      "outmsgiscollection" : "",
      "monitoring" : "",
      "operationname" : "",
      "dataoutputset" : "",
      "completionquantity" : 1,
      "properties" : "",
      "script" : "",
      "assignments" : "",
      "nonebehavioreventref" : "signal",
      "externaldocuments" : [ ],
      "scriptformat" : "",
      "datainputset" : "",
      "processid" : "",
      "startquantity" : 1,
      "tasktype" : "None",
      "looptype" : "None",
      "instantiate" : "",
      "behavior" : "all",
      "inmsgimport" : "",
      "costs" : "",
      "inputdataitem" : "",
      "loopdatainput" : "",
      "name" : "Calculation of Duties and Taxes",
      "outmsgitemkind" : "Information",
      "costcenter" : "",
      "completioncondition" : "",
      "isforcompensation" : "",
      "risklevel" : "",
      "inmsgiscollection" : "",
      "inmsgitemkind" : "Information",
      "messageref" : "",
      "outputdataitem" : "",
      "inmsgstructure" : "",
      "loopcondition" : "",
      "onebehavioreventref:" : "signal",
      "operationref" : "",
      "implementation" : "webService",
      "outmsgimport" : "",
      "documentation" : "",
      "categories" : "",
      "auditing" : "",
      "complexbehaviordefinition" : ""
    },
    "stencil" : {
      "id" : "Task"
    },
    "outgoing" : [ {
      "resourceId" : "sid-DB5388D1-D103-4C52-B359-7DAF7C642D7E"
    } ]
  }, {
    "dockers" : [ ],
    "bounds" : {
      "lowerRight" : {
        "y" : 330,
        "x" : 350
      },
      "upperLeft" : {
        "y" : 250,
        "x" : 250
      }
    },
    "resourceId" : "sid-6F2B5490-587F-48EB-B9E6-896DE3747FB0",
    "childShapes" : [ ],
    "properties" : {
      "resources" : "",
      "outmsgstructure" : "",
      "applyincalc" : true,
      "loopcardinality" : "",
      "bgcolor" : "#FFFFFF",
      "inmessagename" : "",
      "outmessagename" : "",
      "bordercolor" : "#000000",
      "time" : "",
      "loopmaximum" : "",
      "loopdataoutput" : "",
      "testbefore" : "",
      "callacitivity" : "",
      "outmsgiscollection" : "",
      "monitoring" : "",
      "operationname" : "",
      "dataoutputset" : "",
      "completionquantity" : 1,
      "properties" : "",
      "script" : "",
      "assignments" : "",
      "nonebehavioreventref" : "signal",
      "externaldocuments" : [ ],
      "scriptformat" : "",
      "datainputset" : "",
      "processid" : "",
      "startquantity" : 1,
      "tasktype" : "None",
      "looptype" : "None",
      "instantiate" : "",
      "behavior" : "all",
      "inmsgimport" : "",
      "costs" : "",
      "inputdataitem" : "",
      "loopdatainput" : "",
      "name" : "Checking Documents",
      "outmsgitemkind" : "Information",
      "costcenter" : "",
      "completioncondition" : "",
      "isforcompensation" : "",
      "risklevel" : "",
      "inmsgiscollection" : "",
      "inmsgitemkind" : "Information",
      "messageref" : "",
      "outputdataitem" : "",
      "inmsgstructure" : "",
      "loopcondition" : "",
      "onebehavioreventref:" : "signal",
      "operationref" : "",
      "implementation" : "webService",
      "outmsgimport" : "",
      "documentation" : "",
      "categories" : "",
      "auditing" : "",
      "complexbehaviordefinition" : ""
    },
    "stencil" : {
      "id" : "Task"
    },
    "outgoing" : [ {
      "resourceId" : "sid-5756663F-D071-4C2B-9ED4-A0323D4E58AC"
    } ]
  }, {
    "dockers" : [ ],
    "bounds" : {
      "lowerRight" : {
        "y" : 330,
        "x" : 182.49999754130846
      },
      "upperLeft" : {
        "y" : 250,
        "x" : 82.49999754130847
      }
    },
    "resourceId" : "sid-7E4F836E-8AD8-43CE-9689-2235AAAC67F5",
    "childShapes" : [ ],
    "properties" : {
      "resources" : "",
      "outmsgstructure" : "",
      "applyincalc" : true,
      "loopcardinality" : "",
      "bgcolor" : "#FFFFFF",
      "inmessagename" : "",
      "outmessagename" : "",
      "bordercolor" : "#000000",
      "time" : "",
      "loopmaximum" : "",
      "loopdataoutput" : "",
      "testbefore" : "",
      "callacitivity" : "",
      "outmsgiscollection" : "",
      "monitoring" : "",
      "operationname" : "",
      "dataoutputset" : "",
      "completionquantity" : 1,
      "properties" : "",
      "script" : "",
      "assignments" : "",
      "nonebehavioreventref" : "signal",
      "externaldocuments" : [ ],
      "scriptformat" : "",
      "datainputset" : "",
      "processid" : "",
      "startquantity" : 1,
      "tasktype" : "None",
      "looptype" : "None",
      "instantiate" : "",
      "behavior" : "all",
      "inmsgimport" : "",
      "costs" : "",
      "inputdataitem" : "",
      "loopdatainput" : "",
      "name" : "Payment",
      "outmsgitemkind" : "Information",
      "costcenter" : "",
      "completioncondition" : "",
      "isforcompensation" : "",
      "risklevel" : "",
      "inmsgiscollection" : "",
      "inmsgitemkind" : "Information",
      "messageref" : "",
      "outputdataitem" : "",
      "inmsgstructure" : "",
      "loopcondition" : "",
      "onebehavioreventref:" : "signal",
      "operationref" : "",
      "implementation" : "webService",
      "outmsgimport" : "",
      "documentation" : "",
      "categories" : "",
      "auditing" : "",
      "complexbehaviordefinition" : ""
    },
    "stencil" : {
      "id" : "Task"
    },
    "outgoing" : [ {
      "resourceId" : "sid-0C5309EA-25B5-4BF8-8F6F-B981B17DE716"
    } ]
  }, {
    "dockers" : [ ],
    "bounds" : {
      "lowerRight" : {
        "y" : 395,
        "x" : 320
      },
      "upperLeft" : {
        "y" : 355,
        "x" : 280
      }
    },
    "resourceId" : "sid-7AE9C5CE-FD2B-4509-992A-75B27AF1DEBB",
    "childShapes" : [ ],
    "properties" : {
      "xortype" : "Data",
      "monitoring" : "",
      "defaultgate" : "",
      "gatewaytype" : "AND",
      "gate_outgoingsequenceflow_en_gb" : "",
      "gates" : "",
      "type" : "http://b3mn.org/stencilset/bpmn2.0#Exclusive_Databased_Gateway",
      "defaultgate_en_gb" : "",
      "assignments" : "",
      "bgcolor" : "#ffffff",
      "bordercolor" : "#000000",
      "pool" : "",
      "gate_assignments" : "",
      "markervisible" : "true",
      "name" : "",
      "gates_assignments" : "",
      "documentation" : "",
      "categories" : "",
      "auditing" : "",
      "gate_assignments_en_gb" : "",
      "gate_outgoingsequenceflow" : "",
      "gates_outgoingsequenceflow" : "",
      "lanes" : "",
      "xortype_en_gb" : "Data",
      "processid" : ""
    },
    "stencil" : {
      "id" : "ParallelGateway"
    },
    "outgoing" : [ {
      "resourceId" : "sid-F595EC55-E411-485C-A5CD-FD6262E39320"
    } ]
  }, {
    "dockers" : [ ],
    "bounds" : {
      "lowerRight" : {
        "y" : 500,
        "x" : 350
      },
      "upperLeft" : {
        "y" : 420,
        "x" : 250
      }
    },
    "resourceId" : "sid-6316284B-F89D-4E1F-8550-14168EE3E8FB",
    "childShapes" : [ ],
    "properties" : {
      "resources" : "",
      "outmsgstructure" : "",
      "applyincalc" : true,
      "loopcardinality" : "",
      "bgcolor" : "#FFFFFF",
      "inmessagename" : "",
      "outmessagename" : "",
      "bordercolor" : "#000000",
      "time" : "",
      "loopmaximum" : "",
      "loopdataoutput" : "",
      "testbefore" : "",
      "callacitivity" : "",
      "outmsgiscollection" : "",
      "monitoring" : "",
      "operationname" : "",
      "dataoutputset" : "",
      "completionquantity" : 1,
      "properties" : "",
      "script" : "",
      "assignments" : "",
      "nonebehavioreventref" : "signal",
      "externaldocuments" : [ ],
      "scriptformat" : "",
      "datainputset" : "",
      "processid" : "",
      "tasktype" : "None",
      "startquantity" : 1,
      "looptype" : "None",
      "instantiate" : "",
      "behavior" : "all",
      "inmsgimport" : "",
      "costs" : "",
      "inputdataitem" : "",
      "loopdatainput" : "",
      "name" : "glossary://27dcebf4b502472a95a12c9f2bf73317/Making sampling decision;;",
      "outmsgitemkind" : "Information",
      "costcenter" : "",
      "completioncondition" : "",
      "isforcompensation" : "",
      "risklevel" : "",
      "inmsgiscollection" : "",
      "inmsgitemkind" : "Information",
      "messageref" : "",
      "outputdataitem" : "",
      "inmsgstructure" : "",
      "loopcondition" : "",
      "onebehavioreventref:" : "signal",
      "operationref" : "",
      "implementation" : "webService",
      "outmsgimport" : "",
      "documentation" : "",
      "name_glossary_dirty" : false,
      "categories" : "",
      "auditing" : "",
      "complexbehaviordefinition" : ""
    },
    "stencil" : {
      "id" : "Task"
    },
    "outgoing" : [ {
      "resourceId" : "sid-0F525375-30B9-4486-AFDF-647EC40E0B30"
    } ]
  }, {
    "dockers" : [ ],
    "bounds" : {
      "lowerRight" : {
        "y" : 560,
        "x" : 320
      },
      "upperLeft" : {
        "y" : 520,
        "x" : 280
      }
    },
    "resourceId" : "sid-B4A0CD1B-77DE-40C3-A59B-23387EE33CCC",
    "childShapes" : [ ],
    "properties" : {
      "xortype" : "Data",
      "monitoring" : "",
      "defaultgate" : "",
      "gatewaytype" : "XOR",
      "gates" : "",
      "assignments" : "",
      "bgcolor" : "#ffffff",
      "bordercolor" : "#000000",
      "pool" : "",
      "gate_assignments" : "",
      "markervisible" : "true",
      "name" : "",
      "documentation" : "",
      "gates_assignments" : "",
      "categories" : "",
      "gate_outgoingsequenceflow" : "",
      "auditing" : "",
      "lanes" : "",
      "gates_outgoingsequenceflow" : "",
      "processid" : ""
    },
    "stencil" : {
      "id" : "Exclusive_Databased_Gateway"
    },
    "outgoing" : [ {
      "resourceId" : "sid-296A1CC8-0304-4821-8356-06C26B53E582"
    }, {
      "resourceId" : "sid-319FDFDF-DF45-41B1-BEAA-08B861DEE716"
    } ]
  }, {
    "dockers" : [ {
      "y" : 40,
      "x" : 49.99999999999999
    }, {
      "y" : 40,
      "x" : 49.99999999999999
    } ],
    "bounds" : {
      "lowerRight" : {
        "y" : 249.625,
        "x" : 132.49999754130846
      },
      "upperLeft" : {
        "y" : 225.00000000000003,
        "x" : 132.49999754130846
      }
    },
    "resourceId" : "sid-DB5388D1-D103-4C52-B359-7DAF7C642D7E",
    "target" : {
      "resourceId" : "sid-7E4F836E-8AD8-43CE-9689-2235AAAC67F5"
    },
    "childShapes" : [ ],
    "properties" : {
      "bordercolor" : "#000000",
      "showdiamondmarker" : "",
      "monitoring" : "",
      "name" : "",
      "documentation" : "",
      "probability" : "",
      "conditiontype" : "None",
      "conditionexpression" : "",
      "isimmediate" : "",
      "auditing" : ""
    },
    "stencil" : {
      "id" : "SequenceFlow"
    },
    "outgoing" : [ {
      "resourceId" : "sid-7E4F836E-8AD8-43CE-9689-2235AAAC67F5"
    } ]
  }, {
    "dockers" : [ {
      "y" : 20.5,
      "x" : 20.5
    }, {
      "y" : 95.5,
      "x" : 132.49999754130846
    }, {
      "y" : 40,
      "x" : 50
    } ],
    "bounds" : {
      "lowerRight" : {
        "y" : 144.84375,
        "x" : 279.8124997118721
      },
      "upperLeft" : {
        "y" : 95.5,
        "x" : 132.49999754130846
      }
    },
    "resourceId" : "sid-C406DF30-C608-4B11-B13C-E13F5210E6BE",
    "target" : {
      "resourceId" : "sid-F4DF74A1-356B-441F-AB72-885DC1B3325A"
    },
    "childShapes" : [ ],
    "properties" : {
      "bordercolor" : "#000000",
      "showdiamondmarker" : "",
      "monitoring" : "",
      "name" : "",
      "documentation" : "",
      "probability" : "",
      "conditiontype" : "None",
      "conditionexpression" : "",
      "isimmediate" : "",
      "auditing" : ""
    },
    "stencil" : {
      "id" : "SequenceFlow"
    },
    "outgoing" : [ {
      "resourceId" : "sid-F4DF74A1-356B-441F-AB72-885DC1B3325A"
    } ]
  }, {
    "dockers" : [ {
      "y" : 20.5,
      "x" : 20.5
    }, {
      "y" : 40,
      "x" : 50
    } ],
    "bounds" : {
      "lowerRight" : {
        "y" : 144.84376560464082,
        "x" : 300.388944744998
      },
      "upperLeft" : {
        "y" : 115.37889064535918,
        "x" : 300.224336505002
      }
    },
    "resourceId" : "sid-9E43B823-F904-49CB-870D-2D85301374C2",
    "target" : {
      "resourceId" : "sid-82FD6174-7B25-4759-8C00-035C9A097C15"
    },
    "childShapes" : [ ],
    "properties" : {
      "bordercolor" : "#000000",
      "showdiamondmarker" : "",
      "monitoring" : "",
      "name" : "",
      "documentation" : "",
      "probability" : "",
      "conditiontype" : "None",
      "conditionexpression" : "",
      "isimmediate" : "",
      "auditing" : ""
    },
    "stencil" : {
      "id" : "SequenceFlow"
    },
    "outgoing" : [ {
      "resourceId" : "sid-82FD6174-7B25-4759-8C00-035C9A097C15"
    } ]
  }, {
    "dockers" : [ {
      "y" : 20.5,
      "x" : 20.5
    }, {
      "y" : 95.5,
      "x" : 462.49998770654236
    }, {
      "y" : 40,
      "x" : 50
    } ],
    "bounds" : {
      "lowerRight" : {
        "y" : 144.84375,
        "x" : 462.49998770654236
      },
      "upperLeft" : {
        "y" : 95.5,
        "x" : 320
      }
    },
    "resourceId" : "sid-1D18CE13-039C-4C3E-8B94-31CCC8FD87C7",
    "target" : {
      "resourceId" : "sid-F8151844-09E4-458C-A414-DE369C972B08"
    },
    "childShapes" : [ ],
    "properties" : {
      "bordercolor" : "#000000",
      "showdiamondmarker" : "",
      "monitoring" : "",
      "name" : "",
      "documentation" : "",
      "probability" : "",
      "conditiontype" : "None",
      "conditionexpression" : "",
      "isimmediate" : "",
      "auditing" : ""
    },
    "stencil" : {
      "id" : "SequenceFlow"
    },
    "outgoing" : [ {
      "resourceId" : "sid-F8151844-09E4-458C-A414-DE369C972B08"
    } ]
  }, {
    "dockers" : [ {
      "y" : 40,
      "x" : 50
    }, {
      "y" : 40,
      "x" : 50
    } ],
    "bounds" : {
      "lowerRight" : {
        "y" : 249.625,
        "x" : 300
      },
      "upperLeft" : {
        "y" : 225.00000000000003,
        "x" : 300
      }
    },
    "resourceId" : "sid-3941C6BB-8A2A-4DA3-B23F-50F8E4AE82AD",
    "target" : {
      "resourceId" : "sid-6F2B5490-587F-48EB-B9E6-896DE3747FB0"
    },
    "childShapes" : [ ],
    "properties" : {
      "bordercolor" : "#000000",
      "showdiamondmarker" : "",
      "monitoring" : "",
      "name" : "",
      "documentation" : "",
      "probability" : "",
      "conditiontype" : "None",
      "conditionexpression" : "",
      "isimmediate" : "",
      "auditing" : ""
    },
    "stencil" : {
      "id" : "SequenceFlow"
    },
    "outgoing" : [ {
      "resourceId" : "sid-6F2B5490-587F-48EB-B9E6-896DE3747FB0"
    } ]
  }, {
    "dockers" : [ {
      "y" : 40,
      "x" : 50
    }, {
      "y" : 375.5,
      "x" : 462.49998770654236
    }, {
      "y" : 20.5,
      "x" : 20.5
    } ],
    "bounds" : {
      "lowerRight" : {
        "y" : 375.5,
        "x" : 462.49998770654236
      },
      "upperLeft" : {
        "y" : 225.00000000000003,
        "x" : 320
      }
    },
    "resourceId" : "sid-C8EDAF33-709F-4B64-8B57-38402769F800",
    "target" : {
      "resourceId" : "sid-7AE9C5CE-FD2B-4509-992A-75B27AF1DEBB"
    },
    "childShapes" : [ ],
    "properties" : {
      "bordercolor" : "#000000",
      "showdiamondmarker" : "",
      "monitoring" : "",
      "name" : "",
      "documentation" : "",
      "probability" : "",
      "conditiontype" : "None",
      "conditionexpression" : "",
      "isimmediate" : "",
      "auditing" : ""
    },
    "stencil" : {
      "id" : "SequenceFlow"
    },
    "outgoing" : [ {
      "resourceId" : "sid-7AE9C5CE-FD2B-4509-992A-75B27AF1DEBB"
    } ]
  }, {
    "dockers" : [ {
      "y" : 40,
      "x" : 50
    }, {
      "y" : 20.5,
      "x" : 20.5
    } ],
    "bounds" : {
      "lowerRight" : {
        "y" : 354.46095459883986,
        "x" : 300.37696464677686
      },
      "upperLeft" : {
        "y" : 330,
        "x" : 300.233918128655
      }
    },
    "resourceId" : "sid-5756663F-D071-4C2B-9ED4-A0323D4E58AC",
    "target" : {
      "resourceId" : "sid-7AE9C5CE-FD2B-4509-992A-75B27AF1DEBB"
    },
    "childShapes" : [ ],
    "properties" : {
      "bordercolor" : "#000000",
      "showdiamondmarker" : "",
      "monitoring" : "",
      "name" : "",
      "documentation" : "",
      "probability" : "",
      "conditiontype" : "None",
      "conditionexpression" : "",
      "isimmediate" : "",
      "auditing" : ""
    },
    "stencil" : {
      "id" : "SequenceFlow"
    },
    "outgoing" : [ {
      "resourceId" : "sid-7AE9C5CE-FD2B-4509-992A-75B27AF1DEBB"
    } ]
  }, {
    "dockers" : [ {
      "y" : 40,
      "x" : 50
    }, {
      "y" : 375.5,
      "x" : 132.49999754130846
    }, {
      "y" : 20.5,
      "x" : 20.5
    } ],
    "bounds" : {
      "lowerRight" : {
        "y" : 375.5,
        "x" : 279.8124997118721
      },
      "upperLeft" : {
        "y" : 330,
        "x" : 132.49999754130846
      }
    },
    "resourceId" : "sid-0C5309EA-25B5-4BF8-8F6F-B981B17DE716",
    "target" : {
      "resourceId" : "sid-7AE9C5CE-FD2B-4509-992A-75B27AF1DEBB"
    },
    "childShapes" : [ ],
    "properties" : {
      "bordercolor" : "#000000",
      "showdiamondmarker" : "",
      "monitoring" : "",
      "name" : "",
      "documentation" : "",
      "probability" : "",
      "conditiontype" : "None",
      "conditionexpression" : "",
      "isimmediate" : "",
      "auditing" : ""
    },
    "stencil" : {
      "id" : "SequenceFlow"
    },
    "outgoing" : [ {
      "resourceId" : "sid-7AE9C5CE-FD2B-4509-992A-75B27AF1DEBB"
    } ]
  }, {
    "dockers" : [ {
      "y" : 20,
      "x" : 20
    }, {
      "y" : 40,
      "x" : 50
    } ],
    "bounds" : {
      "lowerRight" : {
        "y" : 419.15625,
        "x" : 300
      },
      "upperLeft" : {
        "y" : 394.59375,
        "x" : 300
      }
    },
    "resourceId" : "sid-F595EC55-E411-485C-A5CD-FD6262E39320",
    "target" : {
      "resourceId" : "sid-6316284B-F89D-4E1F-8550-14168EE3E8FB"
    },
    "childShapes" : [ ],
    "properties" : {
      "bordercolor" : "#000000",
      "showdiamondmarker" : "",
      "monitoring" : "",
      "name" : "",
      "documentation" : "",
      "probability" : "",
      "conditiontype" : "None",
      "conditionexpression" : "",
      "isimmediate" : "",
      "auditing" : ""
    },
    "stencil" : {
      "id" : "SequenceFlow"
    },
    "outgoing" : [ {
      "resourceId" : "sid-6316284B-F89D-4E1F-8550-14168EE3E8FB"
    } ]
  }, {
    "dockers" : [ {
      "y" : 40,
      "x" : 50
    }, {
      "y" : 20.5,
      "x" : 20.5
    } ],
    "bounds" : {
      "lowerRight" : {
        "y" : 519.3750192888211,
        "x" : 300.36878893968213
      },
      "upperLeft" : {
        "y" : 500,
        "x" : 300.24844720496895
      }
    },
    "resourceId" : "sid-0F525375-30B9-4486-AFDF-647EC40E0B30",
    "target" : {
      "resourceId" : "sid-B4A0CD1B-77DE-40C3-A59B-23387EE33CCC"
    },
    "childShapes" : [ ],
    "properties" : {
      "bordercolor" : "#000000",
      "showdiamondmarker" : "",
      "monitoring" : "",
      "name" : "",
      "documentation" : "",
      "probability" : "",
      "conditiontype" : "None",
      "conditionexpression" : "",
      "isimmediate" : "",
      "auditing" : ""
    },
    "stencil" : {
      "id" : "SequenceFlow"
    },
    "outgoing" : [ {
      "resourceId" : "sid-B4A0CD1B-77DE-40C3-A59B-23387EE33CCC"
    } ]
  }, {
    "dockers" : [ ],
    "bounds" : {
      "lowerRight" : {
        "y" : 680,
        "x" : 350
      },
      "upperLeft" : {
        "y" : 600,
        "x" : 250
      }
    },
    "resourceId" : "sid-245D0814-1A5F-47B9-B4D0-260B7CDD583C",
    "childShapes" : [ ],
    "properties" : {
      "resources" : "",
      "outmsgstructure" : "",
      "applyincalc" : true,
      "loopcardinality" : "",
      "bgcolor" : "#FFFFFF",
      "inmessagename" : "",
      "outmessagename" : "",
      "bordercolor" : "#000000",
      "time" : "",
      "loopmaximum" : "",
      "loopdataoutput" : "",
      "testbefore" : "",
      "callacitivity" : "",
      "outmsgiscollection" : "",
      "monitoring" : "",
      "operationname" : "",
      "dataoutputset" : "",
      "completionquantity" : 1,
      "properties" : "",
      "script" : "",
      "assignments" : "",
      "nonebehavioreventref" : "signal",
      "externaldocuments" : [ ],
      "scriptformat" : "",
      "datainputset" : "",
      "processid" : "",
      "startquantity" : 1,
      "tasktype" : "None",
      "looptype" : "None",
      "instantiate" : "",
      "behavior" : "all",
      "inmsgimport" : "",
      "costs" : "",
      "inputdataitem" : "",
      "loopdatainput" : "",
      "name" : "Collect Sample for lab or field analysis",
      "outmsgitemkind" : "Information",
      "costcenter" : "",
      "completioncondition" : "",
      "isforcompensation" : "",
      "risklevel" : "",
      "inmsgiscollection" : "",
      "inmsgitemkind" : "Information",
      "messageref" : "",
      "outputdataitem" : "",
      "inmsgstructure" : "",
      "loopcondition" : "",
      "onebehavioreventref:" : "signal",
      "operationref" : "",
      "implementation" : "webService",
      "outmsgimport" : "",
      "documentation" : "",
      "categories" : "",
      "auditing" : "",
      "complexbehaviordefinition" : ""
    },
    "stencil" : {
      "id" : "Task"
    },
    "outgoing" : [ {
      "resourceId" : "sid-BFADDBD8-B6C2-47CE-9873-F283AC1FD612"
    } ]
  }, {
    "dockers" : [ ],
    "bounds" : {
      "lowerRight" : {
        "y" : 790,
        "x" : 350
      },
      "upperLeft" : {
        "y" : 710,
        "x" : 250
      }
    },
    "resourceId" : "sid-6DCDF18A-396F-474A-8261-F443B2B0521C",
    "childShapes" : [ ],
    "properties" : {
      "resources" : "",
      "outmsgstructure" : "",
      "applyincalc" : true,
      "loopcardinality" : "",
      "bgcolor" : "#FFFFFF",
      "inmessagename" : "",
      "outmessagename" : "",
      "bordercolor" : "#000000",
      "time" : "",
      "loopmaximum" : "",
      "loopdataoutput" : "",
      "testbefore" : "",
      "callacitivity" : "",
      "outmsgiscollection" : "",
      "monitoring" : "",
      "operationname" : "",
      "dataoutputset" : "",
      "completionquantity" : 1,
      "properties" : "",
      "script" : "",
      "assignments" : "",
      "nonebehavioreventref" : "signal",
      "externaldocuments" : [ ],
      "scriptformat" : "",
      "datainputset" : "",
      "processid" : "",
      "startquantity" : 1,
      "tasktype" : "None",
      "looptype" : "None",
      "instantiate" : "",
      "behavior" : "all",
      "inmsgimport" : "",
      "costs" : "",
      "inputdataitem" : "",
      "loopdatainput" : "",
      "name" : "Compliance decision",
      "outmsgitemkind" : "Information",
      "costcenter" : "",
      "completioncondition" : "",
      "isforcompensation" : "",
      "risklevel" : "",
      "inmsgiscollection" : "",
      "inmsgitemkind" : "Information",
      "messageref" : "",
      "outputdataitem" : "",
      "inmsgstructure" : "",
      "loopcondition" : "",
      "onebehavioreventref:" : "signal",
      "operationref" : "",
      "implementation" : "webService",
      "outmsgimport" : "",
      "documentation" : "",
      "categories" : "",
      "auditing" : "",
      "complexbehaviordefinition" : ""
    },
    "stencil" : {
      "id" : "Task"
    },
    "outgoing" : [ {
      "resourceId" : "sid-B0A7771F-2F67-4460-8D95-FE1A7EB84DE9"
    } ]
  }, {
    "dockers" : [ ],
    "bounds" : {
      "lowerRight" : {
        "y" : 860,
        "x" : 320
      },
      "upperLeft" : {
        "y" : 820,
        "x" : 280
      }
    },
    "resourceId" : "sid-12B3089C-82FD-477A-AFD3-87B90E29E00D",
    "childShapes" : [ ],
    "properties" : {
      "xortype" : "Data",
      "monitoring" : "",
      "defaultgate" : "",
      "gatewaytype" : "XOR",
      "gates" : "",
      "assignments" : "",
      "bgcolor" : "#ffffff",
      "bordercolor" : "#000000",
      "pool" : "",
      "gate_assignments" : "",
      "markervisible" : "true",
      "name" : "",
      "documentation" : "",
      "gates_assignments" : "",
      "categories" : "",
      "gate_outgoingsequenceflow" : "",
      "auditing" : "",
      "lanes" : "",
      "gates_outgoingsequenceflow" : "",
      "processid" : ""
    },
    "stencil" : {
      "id" : "Exclusive_Databased_Gateway"
    },
    "outgoing" : [ {
      "resourceId" : "sid-01B121EB-5260-46C6-B677-AAE166A64479"
    }, {
      "resourceId" : "sid-3908AFFE-8E66-4216-9C95-D31800DC3F91"
    } ]
  }, {
    "dockers" : [ {
      "y" : 40,
      "x" : 50.000000000000014
    }, {
      "y" : 20.5,
      "x" : 20.5
    } ],
    "bounds" : {
      "lowerRight" : {
        "y" : 819.7031402617,
        "x" : 300.3851002224403
      },
      "upperLeft" : {
        "y" : 790,
        "x" : 300.2209944751381
      }
    },
    "resourceId" : "sid-B0A7771F-2F67-4460-8D95-FE1A7EB84DE9",
    "target" : {
      "resourceId" : "sid-12B3089C-82FD-477A-AFD3-87B90E29E00D"
    },
    "childShapes" : [ ],
    "properties" : {
      "bordercolor" : "#000000",
      "showdiamondmarker" : "",
      "monitoring" : "",
      "name" : "",
      "documentation" : "",
      "probability" : "",
      "conditiontype" : "None",
      "conditionexpression" : "",
      "isimmediate" : "",
      "auditing" : ""
    },
    "stencil" : {
      "id" : "SequenceFlow"
    },
    "outgoing" : [ {
      "resourceId" : "sid-12B3089C-82FD-477A-AFD3-87B90E29E00D"
    } ]
  }, {
    "dockers" : [ ],
    "bounds" : {
      "lowerRight" : {
        "y" : 1185,
        "x" : 610
      },
      "upperLeft" : {
        "y" : 1105,
        "x" : 510
      }
    },
    "resourceId" : "sid-1537DA78-CE9C-465A-965D-E08C0E02E612",
    "childShapes" : [ ],
    "properties" : {
      "resources" : "",
      "outmsgstructure" : "",
      "applyincalc" : true,
      "loopcardinality" : "",
      "bgcolor" : "#FFFFFF",
      "inmessagename" : "",
      "outmessagename" : "",
      "bordercolor" : "#000000",
      "time" : "",
      "loopmaximum" : "",
      "loopdataoutput" : "",
      "testbefore" : "",
      "callacitivity" : "",
      "outmsgiscollection" : "",
      "monitoring" : "",
      "operationname" : "",
      "dataoutputset" : "",
      "completionquantity" : 1,
      "properties" : "",
      "script" : "",
      "assignments" : "",
      "nonebehavioreventref" : "signal",
      "externaldocuments" : [ ],
      "scriptformat" : "",
      "datainputset" : "",
      "processid" : "",
      "startquantity" : 1,
      "tasktype" : "None",
      "looptype" : "None",
      "instantiate" : "",
      "behavior" : "all",
      "inmsgimport" : "",
      "costs" : "",
      "inputdataitem" : "",
      "loopdatainput" : "",
      "name" : "Release goods",
      "outmsgitemkind" : "Information",
      "costcenter" : "",
      "completioncondition" : "",
      "isforcompensation" : "",
      "risklevel" : "",
      "inmsgiscollection" : "",
      "inmsgitemkind" : "Information",
      "messageref" : "",
      "outputdataitem" : "",
      "inmsgstructure" : "",
      "loopcondition" : "",
      "onebehavioreventref:" : "signal",
      "operationref" : "",
      "implementation" : "webService",
      "outmsgimport" : "",
      "documentation" : "",
      "categories" : "",
      "auditing" : "",
      "complexbehaviordefinition" : ""
    },
    "stencil" : {
      "id" : "Task"
    },
    "outgoing" : [ {
      "resourceId" : "sid-2C01BC7D-DB0A-498A-9123-50CFA079E6E0"
    } ]
  }, {
    "dockers" : [ ],
    "bounds" : {
      "lowerRight" : {
        "y" : 1159,
        "x" : 703
      },
      "upperLeft" : {
        "y" : 1131,
        "x" : 675
      }
    },
    "resourceId" : "sid-B380035F-BF03-4A05-8A98-B86D6EFB7717",
    "childShapes" : [ ],
    "properties" : {
      "inputset" : "",
      "trigger" : "None",
      "bordercolor" : "#000000",
      "monitoring" : "",
      "datainputassociations" : "",
      "name" : "",
      "documentation" : "",
      "datainput" : "",
      "auditing" : "",
      "bgcolor" : "#ffffff"
    },
    "stencil" : {
      "id" : "EndNoneEvent"
    },
    "outgoing" : [ ]
  }, {
    "dockers" : [ ],
    "bounds" : {
      "lowerRight" : {
        "y" : 960,
        "x" : 198.99999704957017
      },
      "upperLeft" : {
        "y" : 880,
        "x" : 98.99999704957017
      }
    },
    "resourceId" : "sid-DF7627B4-E2E6-4BFE-8593-D2EE1B0D604A",
    "childShapes" : [ ],
    "properties" : {
      "resources" : "",
      "outmsgstructure" : "",
      "applyincalc" : true,
      "loopcardinality" : "",
      "bgcolor" : "#FFFFFF",
      "inmessagename" : "",
      "outmessagename" : "",
      "bordercolor" : "#000000",
      "time" : "",
      "loopmaximum" : "",
      "loopdataoutput" : "",
      "testbefore" : "",
      "callacitivity" : "",
      "outmsgiscollection" : "",
      "monitoring" : "",
      "operationname" : "",
      "dataoutputset" : "",
      "completionquantity" : 1,
      "properties" : "",
      "script" : "",
      "assignments" : "",
      "nonebehavioreventref" : "signal",
      "externaldocuments" : [ ],
      "scriptformat" : "",
      "datainputset" : "",
      "processid" : "",
      "startquantity" : 1,
      "tasktype" : "None",
      "looptype" : "None",
      "instantiate" : "",
      "behavior" : "all",
      "inmsgimport" : "",
      "costs" : "",
      "inputdataitem" : "",
      "loopdatainput" : "",
      "name" : "Detain shipment",
      "outmsgitemkind" : "Information",
      "costcenter" : "",
      "completioncondition" : "",
      "isforcompensation" : "",
      "risklevel" : "",
      "inmsgiscollection" : "",
      "inmsgitemkind" : "Information",
      "messageref" : "",
      "outputdataitem" : "",
      "inmsgstructure" : "",
      "loopcondition" : "",
      "onebehavioreventref:" : "signal",
      "operationref" : "",
      "implementation" : "webService",
      "outmsgimport" : "",
      "documentation" : "",
      "categories" : "",
      "auditing" : "",
      "complexbehaviordefinition" : ""
    },
    "stencil" : {
      "id" : "Task"
    },
    "outgoing" : [ {
      "resourceId" : "sid-684F0326-8106-43CD-9F14-6663AEF845EF"
    } ]
  }, {
    "dockers" : [ ],
    "bounds" : {
      "lowerRight" : {
        "y" : 1090,
        "x" : 198.99999704957017
      },
      "upperLeft" : {
        "y" : 1010,
        "x" : 98.99999704957017
      }
    },
    "resourceId" : "sid-F9C4288A-DE2B-4C1E-BFAD-C32CBABB4C2A",
    "childShapes" : [ ],
    "properties" : {
      "resources" : "",
      "outmsgstructure" : "",
      "applyincalc" : true,
      "loopcardinality" : "",
      "bgcolor" : "#FFFFFF",
      "inmessagename" : "",
      "outmessagename" : "",
      "bordercolor" : "#000000",
      "time" : "",
      "loopmaximum" : "",
      "loopdataoutput" : "",
      "testbefore" : "",
      "callacitivity" : "",
      "outmsgiscollection" : "",
      "monitoring" : "",
      "operationname" : "",
      "dataoutputset" : "",
      "completionquantity" : 1,
      "properties" : "",
      "script" : "",
      "assignments" : "",
      "nonebehavioreventref" : "signal",
      "externaldocuments" : [ ],
      "scriptformat" : "",
      "datainputset" : "",
      "processid" : "",
      "startquantity" : 1,
      "tasktype" : "None",
      "looptype" : "None",
      "instantiate" : "",
      "behavior" : "all",
      "inmsgimport" : "",
      "costs" : "",
      "inputdataitem" : "",
      "loopdatainput" : "",
      "name" : "Provide testimony to overcome the problem",
      "outmsgitemkind" : "Information",
      "costcenter" : "",
      "completioncondition" : "",
      "isforcompensation" : "",
      "risklevel" : "",
      "inmsgiscollection" : "",
      "inmsgitemkind" : "Information",
      "messageref" : "",
      "outputdataitem" : "",
      "inmsgstructure" : "",
      "loopcondition" : "",
      "onebehavioreventref:" : "signal",
      "operationref" : "",
      "implementation" : "webService",
      "outmsgimport" : "",
      "documentation" : "",
      "categories" : "",
      "auditing" : "",
      "complexbehaviordefinition" : ""
    },
    "stencil" : {
      "id" : "Task"
    },
    "outgoing" : [ {
      "resourceId" : "sid-A306EC74-597E-4883-AB81-41B8FFF855AF"
    } ]
  }, {
    "dockers" : [ {
      "y" : 40,
      "x" : 50
    }, {
      "y" : 40,
      "x" : 50
    } ],
    "bounds" : {
      "lowerRight" : {
        "y" : 1009.390625,
        "x" : 148.99999704957017
      },
      "upperLeft" : {
        "y" : 960,
        "x" : 148.99999704957017
      }
    },
    "resourceId" : "sid-684F0326-8106-43CD-9F14-6663AEF845EF",
    "target" : {
      "resourceId" : "sid-F9C4288A-DE2B-4C1E-BFAD-C32CBABB4C2A"
    },
    "childShapes" : [ ],
    "properties" : {
      "bordercolor" : "#000000",
      "showdiamondmarker" : "",
      "monitoring" : "",
      "name" : "",
      "documentation" : "",
      "probability" : "",
      "conditiontype" : "None",
      "conditionexpression" : "",
      "isimmediate" : "",
      "auditing" : ""
    },
    "stencil" : {
      "id" : "SequenceFlow"
    },
    "outgoing" : [ {
      "resourceId" : "sid-F9C4288A-DE2B-4C1E-BFAD-C32CBABB4C2A"
    } ]
  }, {
    "dockers" : [ ],
    "bounds" : {
      "lowerRight" : {
        "y" : 1165,
        "x" : 168.99999704957017
      },
      "upperLeft" : {
        "y" : 1125,
        "x" : 128.99999704957017
      }
    },
    "resourceId" : "sid-ED4CAABE-9B8A-4E9F-A103-EABA50A097BD",
    "childShapes" : [ ],
    "properties" : {
      "xortype" : "Data",
      "monitoring" : "",
      "defaultgate" : "",
      "gatewaytype" : "XOR",
      "gates" : "",
      "assignments" : "",
      "bgcolor" : "#ffffff",
      "bordercolor" : "#000000",
      "pool" : "",
      "gate_assignments" : "",
      "markervisible" : "true",
      "name" : "",
      "documentation" : "",
      "gates_assignments" : "",
      "categories" : "",
      "gate_outgoingsequenceflow" : "",
      "auditing" : "",
      "lanes" : "",
      "gates_outgoingsequenceflow" : "",
      "processid" : ""
    },
    "stencil" : {
      "id" : "Exclusive_Databased_Gateway"
    },
    "outgoing" : [ {
      "resourceId" : "sid-437CDC60-8666-4776-B0C5-522AFC39928C"
    }, {
      "resourceId" : "sid-3C61EA6A-EA10-4D85-B2DB-7EB2775C2131"
    } ]
  }, {
    "dockers" : [ {
      "y" : 40,
      "x" : 50
    }, {
      "y" : 20.5,
      "x" : 20.5
    } ],
    "bounds" : {
      "lowerRight" : {
        "y" : 1125.1015762054828,
        "x" : 149.39319901923238
      },
      "upperLeft" : {
        "y" : 1090,
        "x" : 149.20942113333982
      }
    },
    "resourceId" : "sid-A306EC74-597E-4883-AB81-41B8FFF855AF",
    "target" : {
      "resourceId" : "sid-ED4CAABE-9B8A-4E9F-A103-EABA50A097BD"
    },
    "childShapes" : [ ],
    "properties" : {
      "bordercolor" : "#000000",
      "showdiamondmarker" : "",
      "monitoring" : "",
      "name" : "",
      "documentation" : "",
      "probability" : "",
      "conditiontype" : "None",
      "conditionexpression" : "",
      "isimmediate" : "",
      "auditing" : ""
    },
    "stencil" : {
      "id" : "SequenceFlow"
    },
    "outgoing" : [ {
      "resourceId" : "sid-ED4CAABE-9B8A-4E9F-A103-EABA50A097BD"
    } ]
  }, {
    "dockers" : [ ],
    "bounds" : {
      "lowerRight" : {
        "y" : 1290,
        "x" : 198.99999704957017
      },
      "upperLeft" : {
        "y" : 1210,
        "x" : 98.99999704957017
      }
    },
    "resourceId" : "sid-32606200-7609-4E00-BFCF-38ACF5186CE2",
    "childShapes" : [ ],
    "properties" : {
      "resources" : "",
      "outmsgstructure" : "",
      "applyincalc" : true,
      "loopcardinality" : "",
      "bgcolor" : "#FFFFFF",
      "inmessagename" : "",
      "outmessagename" : "",
      "bordercolor" : "#000000",
      "time" : "",
      "loopmaximum" : "",
      "loopdataoutput" : "",
      "testbefore" : "",
      "callacitivity" : "",
      "outmsgiscollection" : "",
      "monitoring" : "",
      "operationname" : "",
      "dataoutputset" : "",
      "completionquantity" : 1,
      "properties" : "",
      "script" : "",
      "assignments" : "",
      "nonebehavioreventref" : "signal",
      "externaldocuments" : [ ],
      "scriptformat" : "",
      "datainputset" : "",
      "processid" : "",
      "startquantity" : 1,
      "tasktype" : "None",
      "looptype" : "None",
      "instantiate" : "",
      "behavior" : "all",
      "inmsgimport" : "",
      "costs" : "",
      "inputdataitem" : "",
      "loopdatainput" : "",
      "name" : "Apply for reconditioning",
      "outmsgitemkind" : "Information",
      "costcenter" : "",
      "completioncondition" : "",
      "isforcompensation" : "",
      "risklevel" : "",
      "inmsgiscollection" : "",
      "inmsgitemkind" : "Information",
      "messageref" : "",
      "outputdataitem" : "",
      "inmsgstructure" : "",
      "loopcondition" : "",
      "onebehavioreventref:" : "signal",
      "operationref" : "",
      "implementation" : "webService",
      "outmsgimport" : "",
      "documentation" : "",
      "categories" : "",
      "auditing" : "",
      "complexbehaviordefinition" : ""
    },
    "stencil" : {
      "id" : "Task"
    },
    "outgoing" : [ {
      "resourceId" : "sid-D12735E4-1488-4D76-A3E3-0104F9F2A590"
    } ]
  }, {
    "dockers" : [ {
      "y" : 20.5,
      "x" : 20.5
    }, {
      "y" : 40,
      "x" : 50
    } ],
    "bounds" : {
      "lowerRight" : {
        "y" : 1209.8125114464278,
        "x" : 149.40536866534256
      },
      "upperLeft" : {
        "y" : 1165.2773323035722,
        "x" : 149.19228168379777
      }
    },
    "resourceId" : "sid-437CDC60-8666-4776-B0C5-522AFC39928C",
    "labels" : [ {
      "to" : 1,
      "ref" : "text_name",
      "orientation" : "lr",
      "distance" : -7.269014734886322,
      "align" : "right",
      "from" : 0,
      "valign" : "bottom",
      "y" : 1191.6959502331115,
      "x" : 149.27896379486629
    } ],
    "target" : {
      "resourceId" : "sid-32606200-7609-4E00-BFCF-38ACF5186CE2"
    },
    "childShapes" : [ ],
    "properties" : {
      "bordercolor" : "#000000",
      "showdiamondmarker" : "",
      "monitoring" : "",
      "name" : "Testimony\nnot accepted",
      "documentation" : "",
      "probability" : "",
      "conditiontype" : "None",
      "conditionexpression" : "",
      "isimmediate" : "",
      "auditing" : ""
    },
    "stencil" : {
      "id" : "SequenceFlow"
    },
    "outgoing" : [ {
      "resourceId" : "sid-32606200-7609-4E00-BFCF-38ACF5186CE2"
    } ]
  }, {
    "dockers" : [ ],
    "bounds" : {
      "lowerRight" : {
        "y" : 1165,
        "x" : 465
      },
      "upperLeft" : {
        "y" : 1125,
        "x" : 425
      }
    },
    "resourceId" : "sid-E1975FAC-635B-4B04-95C2-BB60B210CF67",
    "childShapes" : [ ],
    "properties" : {
      "xortype" : "Data",
      "monitoring" : "",
      "defaultgate" : "",
      "gatewaytype" : "XOR",
      "gates" : "",
      "assignments" : "",
      "bgcolor" : "#ffffff",
      "bordercolor" : "#000000",
      "pool" : "",
      "gate_assignments" : "",
      "markervisible" : "true",
      "name" : "",
      "documentation" : "",
      "gates_assignments" : "",
      "categories" : "",
      "gate_outgoingsequenceflow" : "",
      "auditing" : "",
      "lanes" : "",
      "gates_outgoingsequenceflow" : "",
      "processid" : ""
    },
    "stencil" : {
      "id" : "Exclusive_Databased_Gateway"
    },
    "outgoing" : [ {
      "resourceId" : "sid-31A8FA51-2129-4505-AA55-A16D9F2903E9"
    } ]
  }, {
    "dockers" : [ ],
    "bounds" : {
      "lowerRight" : {
        "y" : 1370,
        "x" : 168.99999704957017
      },
      "upperLeft" : {
        "y" : 1330,
        "x" : 128.99999704957017
      }
    },
    "resourceId" : "sid-6D12B5B0-B2AB-43F3-A467-CC6CE6224A73",
    "childShapes" : [ ],
    "properties" : {
      "xortype" : "Data",
      "monitoring" : "",
      "defaultgate" : "",
      "gatewaytype" : "XOR",
      "gates" : "",
      "assignments" : "",
      "bgcolor" : "#ffffff",
      "bordercolor" : "#000000",
      "pool" : "",
      "gate_assignments" : "",
      "markervisible" : "true",
      "name" : "",
      "documentation" : "",
      "gates_assignments" : "",
      "categories" : "",
      "gate_outgoingsequenceflow" : "",
      "auditing" : "",
      "lanes" : "",
      "gates_outgoingsequenceflow" : "",
      "processid" : ""
    },
    "stencil" : {
      "id" : "Exclusive_Databased_Gateway"
    },
    "outgoing" : [ {
      "resourceId" : "sid-3D8C62F8-B828-4473-A67B-D19F8EA04DA1"
    }, {
      "resourceId" : "sid-3C6578F4-5401-4DA4-A903-95EE5FB16EB9"
    } ]
  }, {
    "dockers" : [ {
      "y" : 40,
      "x" : 50
    }, {
      "y" : 20.5,
      "x" : 20.5
    } ],
    "bounds" : {
      "lowerRight" : {
        "y" : 1329.8711061257015,
        "x" : 149.3973657367627
      },
      "upperLeft" : {
        "y" : 1290,
        "x" : 149.19900202469455
      }
    },
    "resourceId" : "sid-D12735E4-1488-4D76-A3E3-0104F9F2A590",
    "target" : {
      "resourceId" : "sid-6D12B5B0-B2AB-43F3-A467-CC6CE6224A73"
    },
    "childShapes" : [ ],
    "properties" : {
      "bordercolor" : "#000000",
      "showdiamondmarker" : "",
      "monitoring" : "",
      "name" : "",
      "documentation" : "",
      "probability" : "",
      "conditiontype" : "None",
      "conditionexpression" : "",
      "isimmediate" : "",
      "auditing" : ""
    },
    "stencil" : {
      "id" : "SequenceFlow"
    },
    "outgoing" : [ {
      "resourceId" : "sid-6D12B5B0-B2AB-43F3-A467-CC6CE6224A73"
    } ]
  }, {
    "dockers" : [ ],
    "bounds" : {
      "lowerRight" : {
        "y" : 1390,
        "x" : 380
      },
      "upperLeft" : {
        "y" : 1310,
        "x" : 280
      }
    },
    "resourceId" : "sid-6DC90130-52BD-4107-B7B1-056F7B87E075",
    "childShapes" : [ ],
    "properties" : {
      "resources" : "",
      "outmsgstructure" : "",
      "applyincalc" : true,
      "loopcardinality" : "",
      "bgcolor" : "#FFFFFF",
      "inmessagename" : "",
      "outmessagename" : "",
      "bordercolor" : "#000000",
      "time" : "",
      "loopmaximum" : "",
      "loopdataoutput" : "",
      "testbefore" : "",
      "callacitivity" : "",
      "outmsgiscollection" : "",
      "monitoring" : "",
      "operationname" : "",
      "dataoutputset" : "",
      "completionquantity" : 1,
      "properties" : "",
      "script" : "",
      "assignments" : "",
      "nonebehavioreventref" : "signal",
      "externaldocuments" : [ ],
      "scriptformat" : "",
      "datainputset" : "",
      "processid" : "",
      "startquantity" : 1,
      "tasktype" : "None",
      "looptype" : "None",
      "instantiate" : "",
      "behavior" : "all",
      "inmsgimport" : "",
      "costs" : "",
      "inputdataitem" : "",
      "loopdatainput" : "",
      "name" : "Re-sampling",
      "outmsgitemkind" : "Information",
      "costcenter" : "",
      "completioncondition" : "",
      "isforcompensation" : "",
      "risklevel" : "",
      "inmsgiscollection" : "",
      "inmsgitemkind" : "Information",
      "messageref" : "",
      "outputdataitem" : "",
      "inmsgstructure" : "",
      "loopcondition" : "",
      "onebehavioreventref:" : "signal",
      "operationref" : "",
      "implementation" : "webService",
      "outmsgimport" : "",
      "documentation" : "",
      "categories" : "",
      "auditing" : "",
      "complexbehaviordefinition" : ""
    },
    "stencil" : {
      "id" : "Task"
    },
    "outgoing" : [ {
      "resourceId" : "sid-433D403B-DD53-4A9A-B7E8-15347E2B4A8C"
    } ]
  }, {
    "dockers" : [ {
      "y" : 20.5,
      "x" : 20.5
    }, {
      "y" : 40,
      "x" : 50
    } ],
    "bounds" : {
      "lowerRight" : {
        "y" : 1350.4444955525707,
        "x" : 279.6445342798998
      },
      "upperLeft" : {
        "y" : 1350.1394888224293,
        "x" : 169.5371028990903
      }
    },
    "resourceId" : "sid-3D8C62F8-B828-4473-A67B-D19F8EA04DA1",
    "target" : {
      "resourceId" : "sid-6DC90130-52BD-4107-B7B1-056F7B87E075"
    },
    "childShapes" : [ ],
    "properties" : {
      "bordercolor" : "#000000",
      "showdiamondmarker" : "",
      "monitoring" : "",
      "name" : "Successful\nReconditioning",
      "documentation" : "",
      "probability" : "",
      "conditiontype" : "None",
      "conditionexpression" : "",
      "isimmediate" : "",
      "auditing" : ""
    },
    "stencil" : {
      "id" : "SequenceFlow"
    },
    "outgoing" : [ {
      "resourceId" : "sid-6DC90130-52BD-4107-B7B1-056F7B87E075"
    } ]
  }, {
    "dockers" : [ ],
    "bounds" : {
      "lowerRight" : {
        "y" : 1370,
        "x" : 465
      },
      "upperLeft" : {
        "y" : 1330,
        "x" : 425
      }
    },
    "resourceId" : "sid-12CEB3BF-AAA0-4307-AC6B-855402455DF8",
    "childShapes" : [ ],
    "properties" : {
      "xortype" : "Data",
      "monitoring" : "",
      "defaultgate" : "",
      "gatewaytype" : "XOR",
      "gates" : "",
      "assignments" : "",
      "bgcolor" : "#ffffff",
      "bordercolor" : "#000000",
      "pool" : "",
      "gate_assignments" : "",
      "markervisible" : "true",
      "name" : "",
      "documentation" : "",
      "gates_assignments" : "",
      "categories" : "",
      "gate_outgoingsequenceflow" : "",
      "auditing" : "",
      "lanes" : "",
      "gates_outgoingsequenceflow" : "",
      "processid" : ""
    },
    "stencil" : {
      "id" : "Exclusive_Databased_Gateway"
    },
    "outgoing" : [ {
      "resourceId" : "sid-BFFC5CDE-B496-4C1B-B1A6-54864F2A8914"
    }, {
      "resourceId" : "sid-7217A631-B9D7-427A-88E7-0B2152E56546"
    } ]
  }, {
    "dockers" : [ ],
    "bounds" : {
      "lowerRight" : {
        "y" : 1465,
        "x" : 168.99999704957017
      },
      "upperLeft" : {
        "y" : 1425,
        "x" : 128.99999704957017
      }
    },
    "resourceId" : "sid-1A1EB3C9-8D52-458A-9DFF-03EDDBB848B8",
    "childShapes" : [ ],
    "properties" : {
      "xortype" : "Data",
      "monitoring" : "",
      "defaultgate" : "",
      "gatewaytype" : "XOR",
      "gates" : "",
      "assignments" : "",
      "bgcolor" : "#ffffff",
      "bordercolor" : "#000000",
      "pool" : "",
      "gate_assignments" : "",
      "markervisible" : "true",
      "name" : "",
      "documentation" : "",
      "gates_assignments" : "",
      "categories" : "",
      "gate_outgoingsequenceflow" : "",
      "auditing" : "",
      "lanes" : "",
      "gates_outgoingsequenceflow" : "",
      "processid" : ""
    },
    "stencil" : {
      "id" : "Exclusive_Databased_Gateway"
    },
    "outgoing" : [ {
      "resourceId" : "sid-A672A0D2-32C4-4397-B0F5-7D176A207872"
    } ]
  }, {
    "dockers" : [ {
      "y" : 20.5,
      "x" : 20.5
    }, {
      "y" : 20.5,
      "x" : 20.5
    } ],
    "bounds" : {
      "lowerRight" : {
        "y" : 1499.578125,
        "x" : 149.49999704957017
      },
      "upperLeft" : {
        "y" : 1465,
        "x" : 149.49999704957017
      }
    },
    "resourceId" : "sid-A672A0D2-32C4-4397-B0F5-7D176A207872",
    "target" : {
      "resourceId" : "sid-EE5A17AA-D54C-4D33-94F9-7FE1964DFA6F"
    },
    "childShapes" : [ ],
    "properties" : {
      "bordercolor" : "#000000",
      "showdiamondmarker" : "",
      "monitoring" : "",
      "name" : "",
      "documentation" : "",
      "probability" : "",
      "conditiontype" : "None",
      "conditionexpression" : "",
      "isimmediate" : "",
      "auditing" : ""
    },
    "stencil" : {
      "id" : "SequenceFlow"
    },
    "outgoing" : [ {
      "resourceId" : "sid-EE5A17AA-D54C-4D33-94F9-7FE1964DFA6F"
    } ]
  }, {
    "dockers" : [ ],
    "bounds" : {
      "lowerRight" : {
        "y" : 1540,
        "x" : 168.99999704957017
      },
      "upperLeft" : {
        "y" : 1500,
        "x" : 128.99999704957017
      }
    },
    "resourceId" : "sid-EE5A17AA-D54C-4D33-94F9-7FE1964DFA6F",
    "childShapes" : [ ],
    "properties" : {
      "xortype" : "Data",
      "monitoring" : "",
      "defaultgate" : "",
      "gatewaytype" : "AND",
      "gates" : "",
      "type" : "http://b3mn.org/stencilset/bpmn2.0#Exclusive_Databased_Gateway",
      "assignments" : "",
      "bgcolor" : "#ffffff",
      "bordercolor" : "#000000",
      "pool" : "",
      "gate_assignments" : "",
      "markervisible" : "true",
      "name" : "",
      "gates_assignments" : "",
      "documentation" : "",
      "categories" : "",
      "gate_outgoingsequenceflow" : "",
      "auditing" : "",
      "gates_outgoingsequenceflow" : "",
      "lanes" : "",
      "processid" : ""
    },
    "stencil" : {
      "id" : "ParallelGateway"
    },
    "outgoing" : [ {
      "resourceId" : "sid-71EB76A5-2940-40B9-BF65-75361D049935"
    }, {
      "resourceId" : "sid-E651AC61-D601-48AE-A5FE-9A5C32E072D0"
    } ]
  }, {
    "dockers" : [ {
      "y" : 40,
      "x" : 50
    }, {
      "y" : 20.5,
      "x" : 20.5
    } ],
    "bounds" : {
      "lowerRight" : {
        "y" : 1350.4097335362337,
        "x" : 424.64844687000755
      },
      "upperLeft" : {
        "y" : 1350.2164502164503,
        "x" : 380
      }
    },
    "resourceId" : "sid-433D403B-DD53-4A9A-B7E8-15347E2B4A8C",
    "target" : {
      "resourceId" : "sid-12CEB3BF-AAA0-4307-AC6B-855402455DF8"
    },
    "childShapes" : [ ],
    "properties" : {
      "bordercolor" : "#000000",
      "showdiamondmarker" : "",
      "monitoring" : "",
      "name" : "",
      "documentation" : "",
      "probability" : "",
      "conditiontype" : "None",
      "conditionexpression" : "",
      "isimmediate" : "",
      "auditing" : ""
    },
    "stencil" : {
      "id" : "SequenceFlow"
    },
    "outgoing" : [ {
      "resourceId" : "sid-12CEB3BF-AAA0-4307-AC6B-855402455DF8"
    } ]
  }, {
    "dockers" : [ {
      "y" : 20.5,
      "x" : 20.5
    }, {
      "y" : 20.5,
      "x" : 20.5
    } ],
    "bounds" : {
      "lowerRight" : {
        "y" : 1329.48046875,
        "x" : 445.5
      },
      "upperLeft" : {
        "y" : 1165,
        "x" : 445.5
      }
    },
    "resourceId" : "sid-BFFC5CDE-B496-4C1B-B1A6-54864F2A8914",
    "target" : {
      "resourceId" : "sid-E1975FAC-635B-4B04-95C2-BB60B210CF67"
    },
    "childShapes" : [ ],
    "properties" : {
      "bordercolor" : "#000000",
      "showdiamondmarker" : "",
      "monitoring" : "",
      "name" : "Passable re-sampling",
      "documentation" : "",
      "probability" : "",
      "conditiontype" : "None",
      "conditionexpression" : "",
      "isimmediate" : "",
      "auditing" : ""
    },
    "stencil" : {
      "id" : "SequenceFlow"
    },
    "outgoing" : [ {
      "resourceId" : "sid-E1975FAC-635B-4B04-95C2-BB60B210CF67"
    } ]
  }, {
    "dockers" : [ ],
    "bounds" : {
      "lowerRight" : {
        "y" : 1685,
        "x" : 313.9999970495702
      },
      "upperLeft" : {
        "y" : 1605,
        "x" : 213.99999704957017
      }
    },
    "resourceId" : "sid-AF86A9FD-B0CC-4F57-98E6-70D4F32244A0",
    "childShapes" : [ ],
    "properties" : {
      "resources" : "",
      "outmsgstructure" : "",
      "applyincalc" : true,
      "loopcardinality" : "",
      "bgcolor" : "#FFFFFF",
      "inmessagename" : "",
      "outmessagename" : "",
      "bordercolor" : "#000000",
      "time" : "",
      "loopmaximum" : "",
      "loopdataoutput" : "",
      "testbefore" : "",
      "callacitivity" : "",
      "outmsgiscollection" : "",
      "monitoring" : "",
      "operationname" : "",
      "dataoutputset" : "",
      "completionquantity" : 1,
      "properties" : "",
      "script" : "",
      "assignments" : "",
      "nonebehavioreventref" : "signal",
      "externaldocuments" : [ ],
      "scriptformat" : "",
      "datainputset" : "",
      "processid" : "",
      "startquantity" : 1,
      "tasktype" : "None",
      "looptype" : "None",
      "instantiate" : "",
      "behavior" : "all",
      "inmsgimport" : "",
      "costs" : "",
      "inputdataitem" : "",
      "loopdatainput" : "",
      "name" : "Export or destruct",
      "outmsgitemkind" : "Information",
      "costcenter" : "",
      "completioncondition" : "",
      "isforcompensation" : "",
      "risklevel" : "",
      "inmsgiscollection" : "",
      "inmsgitemkind" : "Information",
      "messageref" : "",
      "outputdataitem" : "",
      "inmsgstructure" : "",
      "loopcondition" : "",
      "onebehavioreventref:" : "signal",
      "operationref" : "",
      "implementation" : "webService",
      "outmsgimport" : "",
      "documentation" : "",
      "categories" : "",
      "auditing" : "",
      "complexbehaviordefinition" : ""
    },
    "stencil" : {
      "id" : "Task"
    },
    "outgoing" : [ {
      "resourceId" : "sid-5D82A32B-9935-423F-B094-1834FF222EE2"
    } ]
  }, {
    "dockers" : [ {
      "y" : 20.5,
      "x" : 20.5
    }, {
      "y" : 1645,
      "x" : 149.49999704957017
    }, {
      "y" : 40,
      "x" : 50.000000000000014
    } ],
    "bounds" : {
      "lowerRight" : {
        "y" : 1645,
        "x" : 213.8007782995702
      },
      "upperLeft" : {
        "y" : 1540,
        "x" : 149.49999704957017
      }
    },
    "resourceId" : "sid-71EB76A5-2940-40B9-BF65-75361D049935",
    "target" : {
      "resourceId" : "sid-AF86A9FD-B0CC-4F57-98E6-70D4F32244A0"
    },
    "childShapes" : [ ],
    "properties" : {
      "bordercolor" : "#000000",
      "showdiamondmarker" : "",
      "monitoring" : "",
      "name" : "",
      "documentation" : "",
      "probability" : "",
      "conditiontype" : "None",
      "conditionexpression" : "",
      "isimmediate" : "",
      "auditing" : ""
    },
    "stencil" : {
      "id" : "SequenceFlow"
    },
    "outgoing" : [ {
      "resourceId" : "sid-AF86A9FD-B0CC-4F57-98E6-70D4F32244A0"
    } ]
  }, {
    "dockers" : [ ],
    "bounds" : {
      "lowerRight" : {
        "y" : 1560,
        "x" : 313.9999970495702
      },
      "upperLeft" : {
        "y" : 1480,
        "x" : 213.99999704957017
      }
    },
    "resourceId" : "sid-A49CCD81-8417-4D63-BB14-CA475F116C81",
    "childShapes" : [ ],
    "properties" : {
      "resources" : "",
      "outmsgstructure" : "",
      "applyincalc" : true,
      "loopcardinality" : "",
      "bgcolor" : "#FFFFFF",
      "inmessagename" : "",
      "outmessagename" : "",
      "bordercolor" : "#000000",
      "time" : "",
      "loopmaximum" : "",
      "loopdataoutput" : "",
      "testbefore" : "",
      "callacitivity" : "",
      "outmsgiscollection" : "",
      "monitoring" : "",
      "operationname" : "",
      "dataoutputset" : "",
      "completionquantity" : 1,
      "properties" : "",
      "script" : "",
      "assignments" : "",
      "nonebehavioreventref" : "signal",
      "externaldocuments" : [ ],
      "scriptformat" : "",
      "datainputset" : "",
      "processid" : "",
      "startquantity" : 1,
      "tasktype" : "None",
      "looptype" : "None",
      "instantiate" : "",
      "behavior" : "all",
      "inmsgimport" : "",
      "costs" : "",
      "inputdataitem" : "",
      "loopdatainput" : "",
      "name" : "Request refusal",
      "outmsgitemkind" : "Information",
      "costcenter" : "",
      "completioncondition" : "",
      "isforcompensation" : "",
      "risklevel" : "",
      "inmsgiscollection" : "",
      "inmsgitemkind" : "Information",
      "messageref" : "",
      "outputdataitem" : "",
      "inmsgstructure" : "",
      "loopcondition" : "",
      "onebehavioreventref:" : "signal",
      "operationref" : "",
      "implementation" : "webService",
      "outmsgimport" : "",
      "documentation" : "",
      "categories" : "",
      "auditing" : "",
      "complexbehaviordefinition" : ""
    },
    "stencil" : {
      "id" : "Task"
    },
    "outgoing" : [ {
      "resourceId" : "sid-92AF3B8B-A82F-4290-9462-155D90CE57B5"
    } ]
  }, {
    "dockers" : [ {
      "y" : 20.5,
      "x" : 20.5
    }, {
      "y" : 40,
      "x" : 50.000000000000014
    } ],
    "bounds" : {
      "lowerRight" : {
        "y" : 1520.4136019794078,
        "x" : 213.80078783395834
      },
      "upperLeft" : {
        "y" : 1520.2192105205922,
        "x" : 169.28514376518206
      }
    },
    "resourceId" : "sid-E651AC61-D601-48AE-A5FE-9A5C32E072D0",
    "target" : {
      "resourceId" : "sid-A49CCD81-8417-4D63-BB14-CA475F116C81"
    },
    "childShapes" : [ ],
    "properties" : {
      "bordercolor" : "#000000",
      "showdiamondmarker" : "",
      "monitoring" : "",
      "name" : "",
      "documentation" : "",
      "probability" : "",
      "conditiontype" : "None",
      "conditionexpression" : "",
      "isimmediate" : "",
      "auditing" : ""
    },
    "stencil" : {
      "id" : "SequenceFlow"
    },
    "outgoing" : [ {
      "resourceId" : "sid-A49CCD81-8417-4D63-BB14-CA475F116C81"
    } ]
  }, {
    "dockers" : [ ],
    "bounds" : {
      "lowerRight" : {
        "y" : 1540,
        "x" : 398.9999970495702
      },
      "upperLeft" : {
        "y" : 1500,
        "x" : 358.9999970495702
      }
    },
    "resourceId" : "sid-3542FBB9-03A6-46D8-ABAC-D33F660D6763",
    "childShapes" : [ ],
    "properties" : {
      "xortype" : "Data",
      "monitoring" : "",
      "defaultgate" : "",
      "gatewaytype" : "XOR",
      "gates" : "",
      "assignments" : "",
      "bgcolor" : "#ffffff",
      "bordercolor" : "#000000",
      "pool" : "",
      "gate_assignments" : "",
      "markervisible" : "true",
      "name" : "",
      "documentation" : "",
      "gates_assignments" : "",
      "categories" : "",
      "gate_outgoingsequenceflow" : "",
      "auditing" : "",
      "lanes" : "",
      "gates_outgoingsequenceflow" : "",
      "processid" : ""
    },
    "stencil" : {
      "id" : "Exclusive_Databased_Gateway"
    },
    "outgoing" : [ {
      "resourceId" : "sid-46D2C76F-01FA-4584-A89C-9C38ADB85F25"
    } ]
  }, {
    "dockers" : [ {
      "y" : 40,
      "x" : 50.000000000000014
    }, {
      "y" : 20.5,
      "x" : 20.5
    } ],
    "bounds" : {
      "lowerRight" : {
        "y" : 1520.4097335362337,
        "x" : 358.64844391957774
      },
      "upperLeft" : {
        "y" : 1520.2164502164503,
        "x" : 313.9999970495702
      }
    },
    "resourceId" : "sid-92AF3B8B-A82F-4290-9462-155D90CE57B5",
    "target" : {
      "resourceId" : "sid-3542FBB9-03A6-46D8-ABAC-D33F660D6763"
    },
    "childShapes" : [ ],
    "properties" : {
      "bordercolor" : "#000000",
      "showdiamondmarker" : "",
      "monitoring" : "",
      "name" : "",
      "documentation" : "",
      "probability" : "",
      "conditiontype" : "None",
      "conditionexpression" : "",
      "isimmediate" : "",
      "auditing" : ""
    },
    "stencil" : {
      "id" : "SequenceFlow"
    },
    "outgoing" : [ {
      "resourceId" : "sid-3542FBB9-03A6-46D8-ABAC-D33F660D6763"
    } ]
  }, {
    "dockers" : [ {
      "y" : 40,
      "x" : 50.000000000000014
    }, {
      "y" : 1645,
      "x" : 379.4999970495702
    }, {
      "y" : 20.5,
      "x" : 20.5
    } ],
    "bounds" : {
      "lowerRight" : {
        "y" : 1645,
        "x" : 379.4999970495702
      },
      "upperLeft" : {
        "y" : 1540,
        "x" : 313.9999970495702
      }
    },
    "resourceId" : "sid-5D82A32B-9935-423F-B094-1834FF222EE2",
    "target" : {
      "resourceId" : "sid-3542FBB9-03A6-46D8-ABAC-D33F660D6763"
    },
    "childShapes" : [ ],
    "properties" : {
      "bordercolor" : "#000000",
      "showdiamondmarker" : "",
      "monitoring" : "",
      "name" : "",
      "documentation" : "",
      "probability" : "",
      "conditiontype" : "None",
      "conditionexpression" : "",
      "isimmediate" : "",
      "auditing" : ""
    },
    "stencil" : {
      "id" : "SequenceFlow"
    },
    "outgoing" : [ {
      "resourceId" : "sid-3542FBB9-03A6-46D8-ABAC-D33F660D6763"
    } ]
  }, {
    "dockers" : [ ],
    "bounds" : {
      "lowerRight" : {
        "y" : 1534,
        "x" : 471.9999970495702
      },
      "upperLeft" : {
        "y" : 1506,
        "x" : 443.9999970495702
      }
    },
    "resourceId" : "sid-3C435B60-A6DF-450E-9DA9-EE6723125E60",
    "childShapes" : [ ],
    "properties" : {
      "inputset" : "",
      "trigger" : "None",
      "bordercolor" : "#000000",
      "monitoring" : "",
      "datainputassociations" : "",
      "name" : "",
      "documentation" : "",
      "datainput" : "",
      "auditing" : "",
      "bgcolor" : "#ffffff"
    },
    "stencil" : {
      "id" : "EndNoneEvent"
    },
    "outgoing" : [ ]
  }, {
    "dockers" : [ {
      "y" : 20.5,
      "x" : 20.5
    }, {
      "y" : 14,
      "x" : 14
    } ],
    "bounds" : {
      "lowerRight" : {
        "y" : 1520.376443202447,
        "x" : 443.5078298337516
      },
      "upperLeft" : {
        "y" : 1520.092306797553,
        "x" : 398.8984142653888
      }
    },
    "resourceId" : "sid-46D2C76F-01FA-4584-A89C-9C38ADB85F25",
    "target" : {
      "resourceId" : "sid-3C435B60-A6DF-450E-9DA9-EE6723125E60"
    },
    "childShapes" : [ ],
    "properties" : {
      "bordercolor" : "#000000",
      "showdiamondmarker" : "",
      "monitoring" : "",
      "name" : "",
      "documentation" : "",
      "probability" : "",
      "conditiontype" : "None",
      "conditionexpression" : "",
      "isimmediate" : "",
      "auditing" : ""
    },
    "stencil" : {
      "id" : "SequenceFlow"
    },
    "outgoing" : [ {
      "resourceId" : "sid-3C435B60-A6DF-450E-9DA9-EE6723125E60"
    } ]
  }, {
    "dockers" : [ {
      "y" : 20.5,
      "x" : 20.5
    }, {
      "y" : 40,
      "x" : 50
    } ],
    "bounds" : {
      "lowerRight" : {
        "y" : 1145.4136019794078,
        "x" : 509.80079078438814
      },
      "upperLeft" : {
        "y" : 1145.2192105205922,
        "x" : 465.28514671561186
      }
    },
    "resourceId" : "sid-31A8FA51-2129-4505-AA55-A16D9F2903E9",
    "target" : {
      "resourceId" : "sid-1537DA78-CE9C-465A-965D-E08C0E02E612"
    },
    "childShapes" : [ ],
    "properties" : {
      "bordercolor" : "#000000",
      "showdiamondmarker" : "",
      "monitoring" : "",
      "name" : "",
      "documentation" : "",
      "probability" : "",
      "conditiontype" : "None",
      "conditionexpression" : "",
      "isimmediate" : "",
      "auditing" : ""
    },
    "stencil" : {
      "id" : "SequenceFlow"
    },
    "outgoing" : [ {
      "resourceId" : "sid-1537DA78-CE9C-465A-965D-E08C0E02E612"
    } ]
  }, {
    "dockers" : [ {
      "y" : 40,
      "x" : 50
    }, {
      "y" : 14,
      "x" : 14
    } ],
    "bounds" : {
      "lowerRight" : {
        "y" : 1145,
        "x" : 674.8984375
      },
      "upperLeft" : {
        "y" : 1145,
        "x" : 610
      }
    },
    "resourceId" : "sid-2C01BC7D-DB0A-498A-9123-50CFA079E6E0",
    "target" : {
      "resourceId" : "sid-B380035F-BF03-4A05-8A98-B86D6EFB7717"
    },
    "childShapes" : [ ],
    "properties" : {
      "bordercolor" : "#000000",
      "showdiamondmarker" : "",
      "monitoring" : "",
      "name" : "",
      "documentation" : "",
      "probability" : "",
      "conditiontype" : "None",
      "conditionexpression" : "",
      "isimmediate" : "",
      "auditing" : ""
    },
    "stencil" : {
      "id" : "SequenceFlow"
    },
    "outgoing" : [ {
      "resourceId" : "sid-B380035F-BF03-4A05-8A98-B86D6EFB7717"
    } ]
  }, {
    "dockers" : [ {
      "y" : 20.5,
      "x" : 20.5
    }, {
      "y" : 20.5,
      "x" : 20.5
    } ],
    "bounds" : {
      "lowerRight" : {
        "y" : 1145.5,
        "x" : 424.843749804073
      },
      "upperLeft" : {
        "y" : 1145.5,
        "x" : 168.99999704957017
      }
    },
    "resourceId" : "sid-3C61EA6A-EA10-4D85-B2DB-7EB2775C2131",
    "target" : {
      "resourceId" : "sid-E1975FAC-635B-4B04-95C2-BB60B210CF67"
    },
    "childShapes" : [ ],
    "properties" : {
      "bordercolor" : "#000000",
      "showdiamondmarker" : "",
      "monitoring" : "",
      "name" : "Testimony accepted",
      "documentation" : "",
      "probability" : "",
      "conditiontype" : "None",
      "conditionexpression" : "",
      "isimmediate" : "",
      "auditing" : ""
    },
    "stencil" : {
      "id" : "SequenceFlow"
    },
    "outgoing" : [ {
      "resourceId" : "sid-E1975FAC-635B-4B04-95C2-BB60B210CF67"
    } ]
  }, {
    "dockers" : [ {
      "y" : 20.5,
      "x" : 20.5
    }, {
      "y" : 20.5,
      "x" : 20.5
    } ],
    "bounds" : {
      "lowerRight" : {
        "y" : 1424.4609375,
        "x" : 149.49999704957017
      },
      "upperLeft" : {
        "y" : 1370,
        "x" : 149.49999704957017
      }
    },
    "resourceId" : "sid-3C6578F4-5401-4DA4-A903-95EE5FB16EB9",
    "labels" : [ {
      "to" : 1,
      "ref" : "text_name",
      "orientation" : "ur",
      "distance" : -7.499997049570169,
      "align" : "right",
      "from" : 0,
      "valign" : "top",
      "y" : 1376.2586304207239,
      "x" : 149.49999704957017
    } ],
    "target" : {
      "resourceId" : "sid-1A1EB3C9-8D52-458A-9DFF-03EDDBB848B8"
    },
    "childShapes" : [ ],
    "properties" : {
      "bordercolor" : "#000000",
      "showdiamondmarker" : "",
      "monitoring" : "",
      "name" : "Unsuccessful\n recontioning",
      "documentation" : "",
      "probability" : "",
      "conditiontype" : "None",
      "conditionexpression" : "",
      "isimmediate" : "",
      "auditing" : ""
    },
    "stencil" : {
      "id" : "SequenceFlow"
    },
    "outgoing" : [ {
      "resourceId" : "sid-1A1EB3C9-8D52-458A-9DFF-03EDDBB848B8"
    } ]
  }, {
    "dockers" : [ {
      "y" : 20.5,
      "x" : 20.5
    }, {
      "y" : 1445.5,
      "x" : 445.5
    }, {
      "y" : 20.5,
      "x" : 20.5
    } ],
    "bounds" : {
      "lowerRight" : {
        "y" : 1445.5,
        "x" : 445.5
      },
      "upperLeft" : {
        "y" : 1370,
        "x" : 168.99999704957017
      }
    },
    "resourceId" : "sid-7217A631-B9D7-427A-88E7-0B2152E56546",
    "labels" : [ {
      "to" : 1,
      "ref" : "text_name",
      "orientation" : "ul",
      "distance" : 8.5,
      "align" : "left",
      "from" : 0,
      "valign" : "top",
      "y" : 1370.1255870297935,
      "x" : 445.5
    } ],
    "target" : {
      "resourceId" : "sid-1A1EB3C9-8D52-458A-9DFF-03EDDBB848B8"
    },
    "childShapes" : [ ],
    "properties" : {
      "bordercolor" : "#000000",
      "showdiamondmarker" : "",
      "monitoring" : "",
      "name" : "Violative\nre-sampling",
      "documentation" : "",
      "probability" : "",
      "conditiontype" : "None",
      "conditionexpression" : "",
      "isimmediate" : "",
      "auditing" : ""
    },
    "stencil" : {
      "id" : "SequenceFlow"
    },
    "outgoing" : [ {
      "resourceId" : "sid-1A1EB3C9-8D52-458A-9DFF-03EDDBB848B8"
    } ]
  }, {
    "dockers" : [ {
      "y" : 40,
      "x" : 50
    }, {
      "y" : 40,
      "x" : 49.999999999999986
    } ],
    "bounds" : {
      "lowerRight" : {
        "y" : 709.46875,
        "x" : 300
      },
      "upperLeft" : {
        "y" : 680,
        "x" : 300
      }
    },
    "resourceId" : "sid-BFADDBD8-B6C2-47CE-9873-F283AC1FD612",
    "target" : {
      "resourceId" : "sid-6DCDF18A-396F-474A-8261-F443B2B0521C"
    },
    "childShapes" : [ ],
    "properties" : {
      "bordercolor" : "#000000",
      "showdiamondmarker" : false,
      "monitoring" : "",
      "name" : "",
      "documentation" : "",
      "probability" : "",
      "conditiontype" : "None",
      "conditionexpression" : "",
      "isimmediate" : "",
      "auditing" : ""
    },
    "stencil" : {
      "id" : "SequenceFlow"
    },
    "outgoing" : [ {
      "resourceId" : "sid-6DCDF18A-396F-474A-8261-F443B2B0521C"
    } ]
  }, {
    "dockers" : [ {
      "y" : 20.5,
      "x" : 20.5
    }, {
      "y" : 540.5,
      "x" : 570
    }, {
      "y" : 986,
      "x" : 570
    }, {
      "y" : 20.5,
      "x" : 20.5
    } ],
    "bounds" : {
      "lowerRight" : {
        "y" : 1133.4968697005902,
        "x" : 570
      },
      "upperLeft" : {
        "y" : 540.5,
        "x" : 320
      }
    },
    "resourceId" : "sid-319FDFDF-DF45-41B1-BEAA-08B861DEE716",
    "target" : {
      "resourceId" : "sid-E1975FAC-635B-4B04-95C2-BB60B210CF67"
    },
    "childShapes" : [ ],
    "properties" : {
      "bordercolor" : "#000000",
      "showdiamondmarker" : "",
      "monitoring" : "",
      "name" : "Sampling not required",
      "documentation" : "",
      "probability" : "",
      "conditiontype" : "None",
      "conditionexpression" : "",
      "isimmediate" : "",
      "auditing" : ""
    },
    "stencil" : {
      "id" : "SequenceFlow"
    },
    "outgoing" : [ {
      "resourceId" : "sid-E1975FAC-635B-4B04-95C2-BB60B210CF67"
    } ]
  }, {
    "dockers" : [ {
      "y" : 20.5,
      "x" : 20.5
    }, {
      "y" : 40,
      "x" : 50
    } ],
    "bounds" : {
      "lowerRight" : {
        "y" : 599.3554813757047,
        "x" : 300.40122493781763
      },
      "upperLeft" : {
        "y" : 560.1562373742953,
        "x" : 300.20424381218237
      }
    },
    "resourceId" : "sid-296A1CC8-0304-4821-8356-06C26B53E582",
    "labels" : [ {
      "to" : 1,
      "ref" : "text_name",
      "orientation" : "lr",
      "distance" : -17.291238969599114,
      "align" : "right",
      "from" : 0,
      "valign" : "bottom",
      "y" : 582.0868895510328,
      "x" : 300.29102065552246
    } ],
    "target" : {
      "resourceId" : "sid-245D0814-1A5F-47B9-B4D0-260B7CDD583C"
    },
    "childShapes" : [ ],
    "properties" : {
      "bordercolor" : "#000000",
      "showdiamondmarker" : "",
      "monitoring" : "",
      "name" : "Sampling required",
      "documentation" : "",
      "probability" : "",
      "conditiontype" : "None",
      "conditionexpression" : "",
      "isimmediate" : "",
      "auditing" : ""
    },
    "stencil" : {
      "id" : "SequenceFlow"
    },
    "outgoing" : [ {
      "resourceId" : "sid-245D0814-1A5F-47B9-B4D0-260B7CDD583C"
    } ]
  }, {
    "dockers" : [ {
      "y" : 20.5,
      "x" : 20.5
    }, {
      "y" : 840.5,
      "x" : 445.5
    }, {
      "y" : 20.5,
      "x" : 20.5
    } ],
    "bounds" : {
      "lowerRight" : {
        "y" : 1124.24609375,
        "x" : 445.5
      },
      "upperLeft" : {
        "y" : 840.5,
        "x" : 320
      }
    },
    "resourceId" : "sid-3908AFFE-8E66-4216-9C95-D31800DC3F91",
    "labels" : [ {
      "to" : 1,
      "ref" : "text_name",
      "orientation" : "ll",
      "distance" : 8.5,
      "align" : "left",
      "from" : 0,
      "valign" : "bottom",
      "y" : 840.5,
      "x" : 369.9226519337017
    } ],
    "target" : {
      "resourceId" : "sid-E1975FAC-635B-4B04-95C2-BB60B210CF67"
    },
    "childShapes" : [ ],
    "properties" : {
      "bordercolor" : "#000000",
      "showdiamondmarker" : "",
      "monitoring" : "",
      "name" : "Passable",
      "documentation" : "",
      "probability" : "",
      "conditiontype" : "None",
      "conditionexpression" : "",
      "isimmediate" : "",
      "auditing" : ""
    },
    "stencil" : {
      "id" : "SequenceFlow"
    },
    "outgoing" : [ {
      "resourceId" : "sid-E1975FAC-635B-4B04-95C2-BB60B210CF67"
    } ]
  }, {
    "dockers" : [ {
      "y" : 20.5,
      "x" : 20.5
    }, {
      "y" : 840.5,
      "x" : 148.99999704957017
    }, {
      "y" : 40,
      "x" : 50
    } ],
    "bounds" : {
      "lowerRight" : {
        "y" : 879.25,
        "x" : 279.378905858146
      },
      "upperLeft" : {
        "y" : 840.5,
        "x" : 148.99999704957017
      }
    },
    "resourceId" : "sid-01B121EB-5260-46C6-B677-AAE166A64479",
    "target" : {
      "resourceId" : "sid-DF7627B4-E2E6-4BFE-8593-D2EE1B0D604A"
    },
    "childShapes" : [ ],
    "properties" : {
      "bordercolor" : "#000000",
      "showdiamondmarker" : "",
      "monitoring" : "",
      "name" : "Violative",
      "documentation" : "",
      "probability" : "",
      "conditiontype" : "None",
      "conditionexpression" : "",
      "isimmediate" : "",
      "auditing" : ""
    },
    "stencil" : {
      "id" : "SequenceFlow"
    },
    "outgoing" : [ {
      "resourceId" : "sid-DF7627B4-E2E6-4BFE-8593-D2EE1B0D604A"
    } ]
  } ],
  "properties" : {
    "orientation" : "horizontal",
    "monitoring" : "",
    "modificationdate" : "",
    "namespaces" : "",
    "creationdate" : "",
    "version" : "",
    "author" : "",
    "targetnamespace" : "http://www.signavio.com/bpmn20",
    "name" : "",
    "documentation" : "",
    "language" : "English",
    "auditing" : "",
    "expressionlanguage" : "http://www.w3.org/1999/XPath",
    "typelanguage" : "http://www.w3.org/2001/XMLSchema"
  },
  "offset" : {
    "y" : -4.917383193969727E-7,
    "x" : 14.499997541308474
  },
  "ssextensions" : [ "http://oryx-editor.org/stencilsets/extensions/bpmn2.0basicsubset#" ],
  "stencilset" : {
    "url" : "/stencilsets/bpmn2.0/bpmn2.0.json?version=6.0.0",
    "namespace" : "http://b3mn.org/stencilset/bpmn2.0#"
  },
  "stencil" : {
    "id" : "BPMNDiagram"
  }
}