{
  "model" : {
    "numberOfRevisions" : 7,
    "naturalLanguage" : "en",
    "timestampModelCollection" : null,
    "modelingLanguage" : "bpmn20",
    "directoryId" : "2035890772",
    "groupName" : "BPMN2.0_Process",
    "modelDate" : "2012-06-15",
    "modelName" : "Import Process - Philippines",
    "modelId" : "495239060"
  },
  "revision" : {
    "connectedness" : 100,
    "elementCounts" : {
      "total" : 35,
      "SequenceFlow" : 18,
      "Task" : 8,
      "StartNoneEvent" : 1,
      "EndNoneEvent" : 1,
      "Exclusive_Databased_Gateway" : 4,
      "BPMNDiagram" : 1,
      "ParallelGateway" : 2
    },
    "isLastRevision" : "true",
    "creationDate" : null,
    "revisionNumber" : 7
  }
}