{
  "bounds" : {
    "lowerRight" : {
      "y" : 1050,
      "x" : 1893
    },
    "upperLeft" : {
      "y" : 0,
      "x" : 0
    }
  },
  "resourceId" : "canvas",
  "childShapes" : [ {
    "dockers" : [ ],
    "bounds" : {
      "lowerRight" : {
        "y" : 210,
        "x" : 49.92999904561452
      },
      "upperLeft" : {
        "y" : 180,
        "x" : 19.929999045614522
      }
    },
    "resourceId" : "sid-89E51157-60FC-496B-8492-D503767D9F95",
    "childShapes" : [ ],
    "properties" : {
      "trigger" : "None",
      "bordercolor" : "#000000",
      "monitoring" : "",
      "dataoutputassociations" : "",
      "outputset" : "",
      "name" : "",
      "dataoutput" : "",
      "documentation" : "",
      "applyincalc" : true,
      "frequency" : "",
      "auditing" : "",
      "bgcolor" : "#ffffff",
      "processid" : ""
    },
    "stencil" : {
      "id" : "StartNoneEvent"
    },
    "outgoing" : [ {
      "resourceId" : "sid-4BF7C1CE-2026-458D-9E19-1C77C3DE286B"
    } ]
  }, {
    "dockers" : [ ],
    "bounds" : {
      "lowerRight" : {
        "y" : 155,
        "x" : 239.92999904561452
      },
      "upperLeft" : {
        "y" : 75,
        "x" : 139.92999904561452
      }
    },
    "resourceId" : "sid-E3FF4034-587E-4E01-A09A-EF97C34E6607",
    "childShapes" : [ ],
    "properties" : {
      "resources" : "",
      "outmsgstructure" : "",
      "applyincalc" : true,
      "loopcardinality" : "",
      "bgcolor" : "#FFFFFF",
      "inmessagename" : "",
      "outmessagename" : "",
      "bordercolor" : "#000000",
      "time" : "",
      "loopmaximum" : "",
      "loopdataoutput" : "",
      "testbefore" : "",
      "callacitivity" : "",
      "outmsgiscollection" : "",
      "monitoring" : "",
      "operationname" : "",
      "dataoutputset" : "",
      "completionquantity" : 1,
      "properties" : "",
      "script" : "",
      "assignments" : "",
      "nonebehavioreventref" : "signal",
      "externaldocuments" : [ ],
      "scriptformat" : "",
      "datainputset" : "",
      "processid" : "",
      "tasktype" : "None",
      "startquantity" : 1,
      "looptype" : "None",
      "instantiate" : "",
      "behavior" : "all",
      "inmsgimport" : "",
      "costs" : "",
      "inputdataitem" : "",
      "loopdatainput" : "",
      "name" : "glossary://91e637c1e383489982b7304cebe5cab0/Register Custom Declaration and support. Documents;;",
      "outmsgitemkind" : "Information",
      "costcenter" : "",
      "completioncondition" : "",
      "isforcompensation" : "",
      "risklevel" : "",
      "inmsgiscollection" : "",
      "inmsgitemkind" : "Information",
      "messageref" : "",
      "outputdataitem" : "",
      "inmsgstructure" : "",
      "loopcondition" : "",
      "onebehavioreventref:" : "signal",
      "operationref" : "",
      "implementation" : "webService",
      "outmsgimport" : "",
      "documentation" : "",
      "name_glossary_dirty" : true,
      "categories" : "",
      "auditing" : "",
      "complexbehaviordefinition" : ""
    },
    "stencil" : {
      "id" : "Task"
    },
    "outgoing" : [ {
      "resourceId" : "sid-EA6A5A4F-C554-4122-9F2B-98CE4F00C330"
    } ]
  }, {
    "dockers" : [ ],
    "bounds" : {
      "lowerRight" : {
        "y" : 155,
        "x" : 384.9299990456145
      },
      "upperLeft" : {
        "y" : 75,
        "x" : 284.9299990456145
      }
    },
    "resourceId" : "sid-B064CF69-CACD-467D-A49F-F18A77645136",
    "childShapes" : [ ],
    "properties" : {
      "resources" : "",
      "outmsgstructure" : "",
      "applyincalc" : true,
      "loopcardinality" : "",
      "bgcolor" : "#FFFFFF",
      "inmessagename" : "",
      "outmessagename" : "",
      "bordercolor" : "#000000",
      "time" : "",
      "loopmaximum" : "",
      "loopdataoutput" : "",
      "testbefore" : "",
      "callacitivity" : "",
      "outmsgiscollection" : "",
      "monitoring" : "",
      "operationname" : "",
      "dataoutputset" : "",
      "completionquantity" : 1,
      "properties" : "",
      "script" : "",
      "assignments" : "",
      "nonebehavioreventref" : "signal",
      "externaldocuments" : [ ],
      "scriptformat" : "",
      "datainputset" : "",
      "processid" : "",
      "tasktype" : "None",
      "startquantity" : 1,
      "looptype" : "None",
      "instantiate" : "",
      "behavior" : "all",
      "inmsgimport" : "",
      "costs" : "",
      "inputdataitem" : "",
      "loopdatainput" : "",
      "name" : "glossary://bc5bd4edaa92490bba0b075c85abcd3f/Document Checking;;",
      "outmsgitemkind" : "Information",
      "costcenter" : "",
      "completioncondition" : "",
      "isforcompensation" : "",
      "risklevel" : "",
      "inmsgiscollection" : "",
      "inmsgitemkind" : "Information",
      "messageref" : "",
      "outputdataitem" : "",
      "inmsgstructure" : "",
      "loopcondition" : "",
      "onebehavioreventref:" : "signal",
      "operationref" : "",
      "implementation" : "webService",
      "outmsgimport" : "",
      "documentation" : "",
      "name_glossary_dirty" : false,
      "categories" : "",
      "auditing" : "",
      "complexbehaviordefinition" : ""
    },
    "stencil" : {
      "id" : "Task"
    },
    "outgoing" : [ {
      "resourceId" : "sid-13640247-1F12-43EC-9DED-FEEE169649EC"
    } ]
  }, {
    "dockers" : [ ],
    "bounds" : {
      "lowerRight" : {
        "y" : 315,
        "x" : 325
      },
      "upperLeft" : {
        "y" : 235,
        "x" : 225
      }
    },
    "resourceId" : "sid-4194B95C-8563-47B3-9E48-3831A3CBCBA8",
    "childShapes" : [ ],
    "properties" : {
      "resources" : "",
      "outmsgstructure" : "",
      "applyincalc" : true,
      "loopcardinality" : "",
      "bgcolor" : "#FFFFFF",
      "inmessagename" : "",
      "outmessagename" : "",
      "bordercolor" : "#000000",
      "time" : "",
      "loopmaximum" : "",
      "loopdataoutput" : "",
      "testbefore" : "",
      "callacitivity" : "",
      "outmsgiscollection" : "",
      "monitoring" : "",
      "operationname" : "",
      "dataoutputset" : "",
      "completionquantity" : 1,
      "properties" : "",
      "script" : "",
      "assignments" : "",
      "nonebehavioreventref" : "signal",
      "externaldocuments" : [ ],
      "scriptformat" : "",
      "datainputset" : "",
      "processid" : "",
      "tasktype" : "None",
      "startquantity" : 1,
      "looptype" : "None",
      "instantiate" : "",
      "behavior" : "all",
      "inmsgimport" : "",
      "costs" : "",
      "inputdataitem" : "",
      "loopdatainput" : "",
      "name" : "glossary://0625872bf0ab4cdcbfc630f9c68f341c/Payment of Duty;;",
      "outmsgitemkind" : "Information",
      "costcenter" : "",
      "completioncondition" : "",
      "isforcompensation" : "",
      "risklevel" : "",
      "inmsgiscollection" : "",
      "inmsgitemkind" : "Information",
      "messageref" : "",
      "outputdataitem" : "",
      "inmsgstructure" : "",
      "loopcondition" : "",
      "onebehavioreventref:" : "signal",
      "operationref" : "",
      "implementation" : "webService",
      "outmsgimport" : "",
      "documentation" : "",
      "name_glossary_dirty" : true,
      "categories" : "",
      "auditing" : "",
      "complexbehaviordefinition" : ""
    },
    "stencil" : {
      "id" : "Task"
    },
    "outgoing" : [ {
      "resourceId" : "sid-E5BD8FB1-9900-4D91-85DD-41DDDDD19848"
    } ]
  }, {
    "dockers" : [ ],
    "bounds" : {
      "lowerRight" : {
        "y" : 215,
        "x" : 669.9299990456145
      },
      "upperLeft" : {
        "y" : 175,
        "x" : 629.9299990456145
      }
    },
    "resourceId" : "sid-21628C40-7C0D-4A9C-B5F0-7558C6120BAD",
    "childShapes" : [ ],
    "properties" : {
      "xortype" : "Data",
      "monitoring" : "",
      "defaultgate" : "",
      "gatewaytype" : "XOR",
      "gates" : "",
      "assignments" : "",
      "bgcolor" : "#ffffff",
      "bordercolor" : "#000000",
      "pool" : "",
      "gate_assignments" : "",
      "markervisible" : "true",
      "name" : "",
      "documentation" : "",
      "gates_assignments" : "",
      "categories" : "",
      "gate_outgoingsequenceflow" : "",
      "auditing" : "",
      "lanes" : "",
      "gates_outgoingsequenceflow" : "",
      "processid" : ""
    },
    "stencil" : {
      "id" : "Exclusive_Databased_Gateway"
    },
    "outgoing" : [ {
      "resourceId" : "sid-43EA2EE8-E4C4-4DAB-95DF-7CAA3BC0259D"
    }, {
      "resourceId" : "sid-06ABA52F-9D23-4091-8782-E5D346CDF584"
    } ]
  }, {
    "dockers" : [ ],
    "bounds" : {
      "lowerRight" : {
        "y" : 235,
        "x" : 824.9299990456145
      },
      "upperLeft" : {
        "y" : 155,
        "x" : 724.9299990456145
      }
    },
    "resourceId" : "sid-D765C652-AF2F-4ADC-BA1F-CE48787F259B",
    "childShapes" : [ ],
    "properties" : {
      "resources" : "",
      "outmsgstructure" : "",
      "applyincalc" : true,
      "loopcardinality" : "",
      "bgcolor" : "#FFFFFF",
      "inmessagename" : "",
      "outmessagename" : "",
      "bordercolor" : "#000000",
      "time" : "",
      "loopmaximum" : "",
      "loopdataoutput" : "",
      "testbefore" : "",
      "callacitivity" : "",
      "outmsgiscollection" : "",
      "monitoring" : "",
      "operationname" : "",
      "dataoutputset" : "",
      "completionquantity" : 1,
      "properties" : "",
      "script" : "",
      "assignments" : "",
      "nonebehavioreventref" : "signal",
      "externaldocuments" : [ ],
      "scriptformat" : "",
      "datainputset" : "",
      "processid" : "",
      "tasktype" : "None",
      "startquantity" : 1,
      "looptype" : "None",
      "instantiate" : "",
      "behavior" : "all",
      "inmsgimport" : "",
      "costs" : "",
      "inputdataitem" : "",
      "loopdatainput" : "",
      "name" : "glossary://c6fcf9ff1ed243498fae8b637d3847b8/Selectivity Processing;;",
      "outmsgitemkind" : "Information",
      "costcenter" : "",
      "completioncondition" : "",
      "isforcompensation" : "",
      "risklevel" : "",
      "inmsgiscollection" : "",
      "inmsgitemkind" : "Information",
      "messageref" : "",
      "outputdataitem" : "",
      "inmsgstructure" : "",
      "loopcondition" : "",
      "onebehavioreventref:" : "signal",
      "operationref" : "",
      "implementation" : "webService",
      "outmsgimport" : "",
      "documentation" : "",
      "name_glossary_dirty" : false,
      "categories" : "",
      "auditing" : "",
      "complexbehaviordefinition" : ""
    },
    "stencil" : {
      "id" : "Task"
    },
    "outgoing" : [ {
      "resourceId" : "sid-C02AF272-60BD-4799-AB40-2462683438A7"
    } ]
  }, {
    "dockers" : [ ],
    "bounds" : {
      "lowerRight" : {
        "y" : 215,
        "x" : 1295
      },
      "upperLeft" : {
        "y" : 175,
        "x" : 1255
      }
    },
    "resourceId" : "sid-4DEDAD32-2A3C-485E-81A5-D88F765722F9",
    "childShapes" : [ ],
    "properties" : {
      "xortype" : "Data",
      "monitoring" : "",
      "defaultgate" : "",
      "gatewaytype" : "XOR",
      "gates" : "",
      "assignments" : "",
      "bgcolor" : "#ffffff",
      "bordercolor" : "#000000",
      "pool" : "",
      "gate_assignments" : "",
      "markervisible" : "true",
      "name" : "",
      "documentation" : "",
      "gates_assignments" : "",
      "categories" : "",
      "gate_outgoingsequenceflow" : "",
      "auditing" : "",
      "lanes" : "",
      "gates_outgoingsequenceflow" : "",
      "processid" : ""
    },
    "stencil" : {
      "id" : "Exclusive_Databased_Gateway"
    },
    "outgoing" : [ {
      "resourceId" : "sid-B3E23CA1-E1D4-4D65-9A61-6583FDB3DDEA"
    } ]
  }, {
    "dockers" : [ {
      "y" : 20.5,
      "x" : 20.5
    }, {
      "y" : 40,
      "x" : 50
    } ],
    "bounds" : {
      "lowerRight" : {
        "y" : 195.42176521812968,
        "x" : 724.324538359903
      },
      "upperLeft" : {
        "y" : 195.20323478187032,
        "x" : 669.910459731326
      }
    },
    "resourceId" : "sid-43EA2EE8-E4C4-4DAB-95DF-7CAA3BC0259D",
    "labels" : [ {
      "to" : 1,
      "ref" : "text_name",
      "orientation" : "lr",
      "distance" : 18.208688500063854,
      "align" : "right",
      "from" : 0,
      "valign" : "bottom",
      "y" : 195.20854165994643,
      "x" : 723.0031257189477
    } ],
    "target" : {
      "resourceId" : "sid-D765C652-AF2F-4ADC-BA1F-CE48787F259B"
    },
    "childShapes" : [ ],
    "properties" : {
      "bordercolor" : "#000000",
      "showdiamondmarker" : "",
      "monitoring" : "",
      "name" : "Physical \nInspection \nRequired",
      "documentation" : "",
      "probability" : "",
      "conditiontype" : "None",
      "conditionexpression" : "glossary://06324eeafd6942cda309b441f8d048c6/Physical Inspection Required;;",
      "isimmediate" : "",
      "auditing" : "",
      "conditionexpression_glossary_dirty" : false
    },
    "stencil" : {
      "id" : "SequenceFlow"
    },
    "outgoing" : [ {
      "resourceId" : "sid-D765C652-AF2F-4ADC-BA1F-CE48787F259B"
    } ]
  }, {
    "dockers" : [ ],
    "bounds" : {
      "lowerRight" : {
        "y" : 235,
        "x" : 1450
      },
      "upperLeft" : {
        "y" : 155,
        "x" : 1350
      }
    },
    "resourceId" : "sid-D75E5DA3-F57B-4351-B200-585C6E3C2FCE",
    "childShapes" : [ ],
    "properties" : {
      "resources" : "",
      "outmsgstructure" : "",
      "applyincalc" : true,
      "loopcardinality" : "",
      "bgcolor" : "#FFFFFF",
      "inmessagename" : "",
      "outmessagename" : "",
      "bordercolor" : "#000000",
      "time" : "",
      "loopmaximum" : "",
      "loopdataoutput" : "",
      "testbefore" : "",
      "callacitivity" : "",
      "outmsgiscollection" : "",
      "monitoring" : "",
      "operationname" : "",
      "dataoutputset" : "",
      "completionquantity" : 1,
      "properties" : "",
      "script" : "",
      "assignments" : "",
      "nonebehavioreventref" : "signal",
      "externaldocuments" : [ ],
      "scriptformat" : "",
      "datainputset" : "",
      "processid" : "",
      "tasktype" : "None",
      "startquantity" : 1,
      "looptype" : "None",
      "instantiate" : "",
      "behavior" : "all",
      "inmsgimport" : "",
      "costs" : "",
      "inputdataitem" : "",
      "loopdatainput" : "",
      "name" : "glossary://318188729f204ae794c4de316f8ac565/Release Goods;;",
      "outmsgitemkind" : "Information",
      "costcenter" : "",
      "completioncondition" : "",
      "isforcompensation" : "",
      "risklevel" : "",
      "inmsgiscollection" : "",
      "inmsgitemkind" : "Information",
      "messageref" : "",
      "outputdataitem" : "",
      "inmsgstructure" : "",
      "loopcondition" : "",
      "onebehavioreventref:" : "signal",
      "operationref" : "",
      "implementation" : "webService",
      "outmsgimport" : "",
      "documentation" : "",
      "name_glossary_dirty" : false,
      "categories" : "",
      "auditing" : "",
      "complexbehaviordefinition" : ""
    },
    "stencil" : {
      "id" : "Task"
    },
    "outgoing" : [ {
      "resourceId" : "sid-490C70F2-2D22-4EFF-8AFC-794F7C237112"
    } ]
  }, {
    "dockers" : [ ],
    "bounds" : {
      "lowerRight" : {
        "y" : 209,
        "x" : 1528
      },
      "upperLeft" : {
        "y" : 181,
        "x" : 1500
      }
    },
    "resourceId" : "sid-6AE5F91D-8966-4C92-BF87-8E9D7EC8A36B",
    "childShapes" : [ ],
    "properties" : {
      "inputset" : "",
      "trigger" : "None",
      "bordercolor" : "#000000",
      "monitoring" : "",
      "datainputassociations" : "",
      "name" : "",
      "documentation" : "",
      "datainput" : "",
      "auditing" : "",
      "bgcolor" : "#ffffff"
    },
    "stencil" : {
      "id" : "EndNoneEvent"
    },
    "outgoing" : [ ]
  }, {
    "dockers" : [ ],
    "bounds" : {
      "lowerRight" : {
        "y" : 215,
        "x" : 449.9299990456145
      },
      "upperLeft" : {
        "y" : 175,
        "x" : 409.9299990456145
      }
    },
    "resourceId" : "sid-693C2812-F15F-49AA-A11C-5CFDC12F43C0",
    "childShapes" : [ ],
    "properties" : {
      "xortype" : "Data",
      "monitoring" : "",
      "defaultgate" : "",
      "gatewaytype" : "AND",
      "gate_outgoingsequenceflow_en_gb" : "",
      "gates" : "",
      "type" : "http://b3mn.org/stencilset/bpmn2.0#Exclusive_Databased_Gateway",
      "defaultgate_en_gb" : "",
      "assignments" : "",
      "bgcolor" : "#ffffff",
      "bordercolor" : "#000000",
      "pool" : "",
      "gate_assignments" : "",
      "markervisible" : "true",
      "name" : "",
      "gates_assignments" : "",
      "documentation" : "",
      "categories" : "",
      "auditing" : "",
      "gate_assignments_en_gb" : "",
      "gate_outgoingsequenceflow" : "",
      "gates_outgoingsequenceflow" : "",
      "lanes" : "",
      "xortype_en_gb" : "Data",
      "processid" : ""
    },
    "stencil" : {
      "id" : "ParallelGateway"
    },
    "outgoing" : [ {
      "resourceId" : "sid-07C7E339-B1ED-4169-ADCE-C3EED5797414"
    } ]
  }, {
    "dockers" : [ {
      "y" : 40,
      "x" : 50
    }, {
      "y" : 275,
      "x" : 430.4299990456145
    }, {
      "y" : 20.5,
      "x" : 20.5
    } ],
    "bounds" : {
      "lowerRight" : {
        "y" : 275,
        "x" : 430.4299990456145
      },
      "upperLeft" : {
        "y" : 215,
        "x" : 325
      }
    },
    "resourceId" : "sid-E5BD8FB1-9900-4D91-85DD-41DDDDD19848",
    "target" : {
      "resourceId" : "sid-693C2812-F15F-49AA-A11C-5CFDC12F43C0"
    },
    "childShapes" : [ ],
    "properties" : {
      "bordercolor" : "#000000",
      "showdiamondmarker" : "",
      "monitoring" : "",
      "name" : "",
      "documentation" : "",
      "probability" : "",
      "conditiontype" : "None",
      "conditionexpression" : "",
      "isimmediate" : "",
      "auditing" : ""
    },
    "stencil" : {
      "id" : "SequenceFlow"
    },
    "outgoing" : [ {
      "resourceId" : "sid-693C2812-F15F-49AA-A11C-5CFDC12F43C0"
    } ]
  }, {
    "dockers" : [ {
      "y" : 15,
      "x" : 15
    }, {
      "y" : 20.5,
      "x" : 20.500000000000004
    } ],
    "bounds" : {
      "lowerRight" : {
        "y" : 195.34392913461494,
        "x" : 79.98471568017249
      },
      "upperLeft" : {
        "y" : 195.11700836538506,
        "x" : 50.25809491105656
      }
    },
    "resourceId" : "sid-4BF7C1CE-2026-458D-9E19-1C77C3DE286B",
    "target" : {
      "resourceId" : "sid-6359C299-0DCF-4C33-8BBE-A644D7981E9B"
    },
    "childShapes" : [ ],
    "properties" : {
      "bordercolor" : "#000000",
      "showdiamondmarker" : "",
      "monitoring" : "",
      "name" : "",
      "documentation" : "",
      "probability" : "",
      "conditiontype" : "None",
      "conditionexpression" : "",
      "isimmediate" : "",
      "auditing" : ""
    },
    "stencil" : {
      "id" : "SequenceFlow"
    },
    "outgoing" : [ {
      "resourceId" : "sid-6359C299-0DCF-4C33-8BBE-A644D7981E9B"
    } ]
  }, {
    "dockers" : [ ],
    "bounds" : {
      "lowerRight" : {
        "y" : 215,
        "x" : 119.92999904561452
      },
      "upperLeft" : {
        "y" : 175,
        "x" : 79.92999904561452
      }
    },
    "resourceId" : "sid-6359C299-0DCF-4C33-8BBE-A644D7981E9B",
    "childShapes" : [ ],
    "properties" : {
      "xortype" : "Data",
      "monitoring" : "",
      "defaultgate" : "",
      "gatewaytype" : "AND",
      "gate_outgoingsequenceflow_en_gb" : "",
      "gates" : "",
      "type" : "http://b3mn.org/stencilset/bpmn2.0#Exclusive_Databased_Gateway",
      "defaultgate_en_gb" : "",
      "assignments" : "",
      "bgcolor" : "#ffffff",
      "bordercolor" : "#000000",
      "pool" : "",
      "gate_assignments" : "",
      "markervisible" : "true",
      "name" : "",
      "gates_assignments" : "",
      "documentation" : "",
      "categories" : "",
      "auditing" : "",
      "gate_assignments_en_gb" : "",
      "gate_outgoingsequenceflow" : "",
      "gates_outgoingsequenceflow" : "",
      "lanes" : "",
      "xortype_en_gb" : "Data",
      "processid" : ""
    },
    "stencil" : {
      "id" : "ParallelGateway"
    },
    "outgoing" : [ {
      "resourceId" : "sid-66EBAD46-FC86-43C7-A93E-E382BB965DE2"
    }, {
      "resourceId" : "sid-209A466D-EF1E-449F-A650-E70A5F3B7CFD"
    } ]
  }, {
    "dockers" : [ {
      "y" : 20.5,
      "x" : 20.500000000000004
    }, {
      "y" : 115,
      "x" : 100.42999904561452
    }, {
      "y" : 40,
      "x" : 50
    } ],
    "bounds" : {
      "lowerRight" : {
        "y" : 174.375,
        "x" : 139.28546779561452
      },
      "upperLeft" : {
        "y" : 115,
        "x" : 100.42999904561452
      }
    },
    "resourceId" : "sid-66EBAD46-FC86-43C7-A93E-E382BB965DE2",
    "target" : {
      "resourceId" : "sid-E3FF4034-587E-4E01-A09A-EF97C34E6607"
    },
    "childShapes" : [ ],
    "properties" : {
      "bordercolor" : "#000000",
      "showdiamondmarker" : "",
      "monitoring" : "",
      "name" : "",
      "documentation" : "",
      "probability" : "",
      "conditiontype" : "None",
      "conditionexpression" : "",
      "isimmediate" : "",
      "auditing" : ""
    },
    "stencil" : {
      "id" : "SequenceFlow"
    },
    "outgoing" : [ {
      "resourceId" : "sid-E3FF4034-587E-4E01-A09A-EF97C34E6607"
    } ]
  }, {
    "dockers" : [ {
      "y" : 40,
      "x" : 50
    }, {
      "y" : 115,
      "x" : 430.4299990456145
    }, {
      "y" : 20.5,
      "x" : 20.5
    } ],
    "bounds" : {
      "lowerRight" : {
        "y" : 174.375,
        "x" : 430.4299990456145
      },
      "upperLeft" : {
        "y" : 115,
        "x" : 384.9299990456145
      }
    },
    "resourceId" : "sid-13640247-1F12-43EC-9DED-FEEE169649EC",
    "target" : {
      "resourceId" : "sid-693C2812-F15F-49AA-A11C-5CFDC12F43C0"
    },
    "childShapes" : [ ],
    "properties" : {
      "bordercolor" : "#000000",
      "showdiamondmarker" : "",
      "monitoring" : "",
      "name" : "",
      "documentation" : "",
      "probability" : "",
      "conditiontype" : "None",
      "conditionexpression" : "",
      "isimmediate" : "",
      "auditing" : ""
    },
    "stencil" : {
      "id" : "SequenceFlow"
    },
    "outgoing" : [ {
      "resourceId" : "sid-693C2812-F15F-49AA-A11C-5CFDC12F43C0"
    } ]
  }, {
    "dockers" : [ {
      "y" : 40,
      "x" : 50
    }, {
      "y" : 40,
      "x" : 50
    } ],
    "bounds" : {
      "lowerRight" : {
        "y" : 115,
        "x" : 284.0862490456145
      },
      "upperLeft" : {
        "y" : 115,
        "x" : 239.92999904561452
      }
    },
    "resourceId" : "sid-EA6A5A4F-C554-4122-9F2B-98CE4F00C330",
    "target" : {
      "resourceId" : "sid-B064CF69-CACD-467D-A49F-F18A77645136"
    },
    "childShapes" : [ ],
    "properties" : {
      "bordercolor" : "#000000",
      "showdiamondmarker" : "",
      "monitoring" : "",
      "name" : "",
      "documentation" : "",
      "probability" : "",
      "conditiontype" : "None",
      "conditionexpression" : "",
      "isimmediate" : "",
      "auditing" : ""
    },
    "stencil" : {
      "id" : "SequenceFlow"
    },
    "outgoing" : [ {
      "resourceId" : "sid-B064CF69-CACD-467D-A49F-F18A77645136"
    } ]
  }, {
    "dockers" : [ ],
    "bounds" : {
      "lowerRight" : {
        "y" : 235,
        "x" : 594.9299990456145
      },
      "upperLeft" : {
        "y" : 155,
        "x" : 494.9299990456145
      }
    },
    "resourceId" : "sid-74897BE6-73D0-4A72-8B23-A40D5C00C391",
    "childShapes" : [ ],
    "properties" : {
      "resources" : "",
      "outmsgstructure" : "",
      "applyincalc" : true,
      "loopcardinality" : "",
      "bgcolor" : "#FFFFFF",
      "inmessagename" : "",
      "outmessagename" : "",
      "bordercolor" : "#000000",
      "time" : "",
      "loopmaximum" : "",
      "loopdataoutput" : "",
      "testbefore" : "",
      "callacitivity" : "",
      "outmsgiscollection" : "",
      "monitoring" : "",
      "operationname" : "",
      "dataoutputset" : "",
      "completionquantity" : 1,
      "properties" : "",
      "script" : "",
      "assignments" : "",
      "nonebehavioreventref" : "signal",
      "externaldocuments" : [ ],
      "scriptformat" : "",
      "datainputset" : "",
      "processid" : "",
      "startquantity" : 1,
      "tasktype" : "None",
      "looptype" : "None",
      "instantiate" : "",
      "behavior" : "all",
      "inmsgimport" : "",
      "costs" : "",
      "inputdataitem" : "",
      "loopdatainput" : "",
      "name" : "Content Checking Decision",
      "outmsgitemkind" : "Information",
      "costcenter" : "",
      "completioncondition" : "",
      "isforcompensation" : "",
      "risklevel" : "",
      "inmsgiscollection" : "",
      "inmsgitemkind" : "Information",
      "messageref" : "",
      "outputdataitem" : "",
      "inmsgstructure" : "",
      "loopcondition" : "",
      "onebehavioreventref:" : "signal",
      "operationref" : "",
      "implementation" : "webService",
      "outmsgimport" : "",
      "documentation" : "",
      "categories" : "",
      "auditing" : "",
      "complexbehaviordefinition" : ""
    },
    "stencil" : {
      "id" : "Task"
    },
    "outgoing" : [ {
      "resourceId" : "sid-9D8F593C-EC9F-4BDA-8531-ED639ED0C666"
    } ]
  }, {
    "dockers" : [ {
      "y" : 20.5,
      "x" : 20.5
    }, {
      "y" : 40,
      "x" : 50
    } ],
    "bounds" : {
      "lowerRight" : {
        "y" : 195.41360197940782,
        "x" : 494.73078983000266
      },
      "upperLeft" : {
        "y" : 195.21921052059218,
        "x" : 450.2151457612264
      }
    },
    "resourceId" : "sid-07C7E339-B1ED-4169-ADCE-C3EED5797414",
    "target" : {
      "resourceId" : "sid-74897BE6-73D0-4A72-8B23-A40D5C00C391"
    },
    "childShapes" : [ ],
    "properties" : {
      "bordercolor" : "#000000",
      "showdiamondmarker" : "",
      "monitoring" : "",
      "name" : "",
      "documentation" : "",
      "probability" : "",
      "conditiontype" : "None",
      "conditionexpression" : "",
      "isimmediate" : "",
      "auditing" : ""
    },
    "stencil" : {
      "id" : "SequenceFlow"
    },
    "outgoing" : [ {
      "resourceId" : "sid-74897BE6-73D0-4A72-8B23-A40D5C00C391"
    } ]
  }, {
    "dockers" : [ {
      "y" : 40,
      "x" : 50
    }, {
      "y" : 20.5,
      "x" : 20.5
    } ],
    "bounds" : {
      "lowerRight" : {
        "y" : 195.40151071673208,
        "x" : 629.6487602760806
      },
      "upperLeft" : {
        "y" : 195.23696682464455,
        "x" : 594.9299990456145
      }
    },
    "resourceId" : "sid-9D8F593C-EC9F-4BDA-8531-ED639ED0C666",
    "target" : {
      "resourceId" : "sid-21628C40-7C0D-4A9C-B5F0-7558C6120BAD"
    },
    "childShapes" : [ ],
    "properties" : {
      "bordercolor" : "#000000",
      "showdiamondmarker" : "",
      "monitoring" : "",
      "name" : "",
      "documentation" : "",
      "probability" : "",
      "conditiontype" : "None",
      "conditionexpression" : "",
      "isimmediate" : "",
      "auditing" : ""
    },
    "stencil" : {
      "id" : "SequenceFlow"
    },
    "outgoing" : [ {
      "resourceId" : "sid-21628C40-7C0D-4A9C-B5F0-7558C6120BAD"
    } ]
  }, {
    "dockers" : [ {
      "y" : 20.5,
      "x" : 20.5
    }, {
      "y" : 305,
      "x" : 650.4299990456145
    }, {
      "y" : 305,
      "x" : 1275.5
    }, {
      "y" : 20.5,
      "x" : 20.5
    } ],
    "bounds" : {
      "lowerRight" : {
        "y" : 305,
        "x" : 1275.5
      },
      "upperLeft" : {
        "y" : 215,
        "x" : 650.4299990456145
      }
    },
    "resourceId" : "sid-06ABA52F-9D23-4091-8782-E5D346CDF584",
    "labels" : [ {
      "to" : 2,
      "ref" : "text_name",
      "orientation" : "ll",
      "distance" : 8,
      "align" : "left",
      "from" : 1,
      "valign" : "bottom",
      "y" : 305,
      "x" : 753.0230100718235
    } ],
    "target" : {
      "resourceId" : "sid-4DEDAD32-2A3C-485E-81A5-D88F765722F9"
    },
    "childShapes" : [ ],
    "properties" : {
      "bordercolor" : "#000000",
      "showdiamondmarker" : "",
      "monitoring" : "",
      "name" : "Priority Channel",
      "documentation" : "",
      "probability" : "",
      "conditiontype" : "None",
      "conditionexpression" : "glossary://b811101b144f4143b81b5bdf652f14ff/Physical Inspection not required;;",
      "isimmediate" : "",
      "auditing" : "",
      "conditionexpression_glossary_dirty" : true
    },
    "stencil" : {
      "id" : "SequenceFlow"
    },
    "outgoing" : [ {
      "resourceId" : "sid-4DEDAD32-2A3C-485E-81A5-D88F765722F9"
    } ]
  }, {
    "dockers" : [ ],
    "bounds" : {
      "lowerRight" : {
        "y" : 215,
        "x" : 889.9299990456145
      },
      "upperLeft" : {
        "y" : 175,
        "x" : 849.9299990456145
      }
    },
    "resourceId" : "sid-49708CD4-EFA1-4E4C-A59F-1D5323D92594",
    "childShapes" : [ ],
    "properties" : {
      "xortype" : "Data",
      "monitoring" : "",
      "defaultgate" : "",
      "gatewaytype" : "XOR",
      "gates" : "",
      "assignments" : "",
      "bgcolor" : "#ffffff",
      "bordercolor" : "#000000",
      "pool" : "",
      "gate_assignments" : "",
      "markervisible" : "true",
      "name" : "",
      "documentation" : "",
      "gates_assignments" : "",
      "categories" : "",
      "gate_outgoingsequenceflow" : "",
      "auditing" : "",
      "lanes" : "",
      "gates_outgoingsequenceflow" : "",
      "processid" : ""
    },
    "stencil" : {
      "id" : "Exclusive_Databased_Gateway"
    },
    "outgoing" : [ {
      "resourceId" : "sid-B7BE42D1-584A-479E-B93C-E77AA64B6281"
    }, {
      "resourceId" : "sid-295781CD-CF03-4BB7-9CC6-3542CE5D7840"
    } ]
  }, {
    "dockers" : [ {
      "y" : 40,
      "x" : 50
    }, {
      "y" : 20.5,
      "x" : 20.5
    } ],
    "bounds" : {
      "lowerRight" : {
        "y" : 195.39320196966221,
        "x" : 850.0315752510974
      },
      "upperLeft" : {
        "y" : 195.26178010471205,
        "x" : 824.9299990456145
      }
    },
    "resourceId" : "sid-C02AF272-60BD-4799-AB40-2462683438A7",
    "target" : {
      "resourceId" : "sid-49708CD4-EFA1-4E4C-A59F-1D5323D92594"
    },
    "childShapes" : [ ],
    "properties" : {
      "bordercolor" : "#000000",
      "showdiamondmarker" : "",
      "monitoring" : "",
      "name" : "",
      "documentation" : "",
      "probability" : "",
      "conditiontype" : "None",
      "conditionexpression" : "",
      "isimmediate" : "",
      "auditing" : ""
    },
    "stencil" : {
      "id" : "SequenceFlow"
    },
    "outgoing" : [ {
      "resourceId" : "sid-49708CD4-EFA1-4E4C-A59F-1D5323D92594"
    } ]
  }, {
    "dockers" : [ ],
    "bounds" : {
      "lowerRight" : {
        "y" : 155,
        "x" : 1015
      },
      "upperLeft" : {
        "y" : 75,
        "x" : 915
      }
    },
    "resourceId" : "sid-F164C6BB-14D7-4EF3-B3C4-F993826CA566",
    "childShapes" : [ ],
    "properties" : {
      "resources" : "",
      "outmsgstructure" : "",
      "applyincalc" : true,
      "loopcardinality" : "",
      "bgcolor" : "#FFFFFF",
      "inmessagename" : "",
      "outmessagename" : "",
      "bordercolor" : "#000000",
      "time" : "",
      "loopmaximum" : "",
      "loopdataoutput" : "",
      "testbefore" : "",
      "callacitivity" : "",
      "outmsgiscollection" : "",
      "monitoring" : "",
      "operationname" : "",
      "dataoutputset" : "",
      "completionquantity" : 1,
      "properties" : "",
      "script" : "",
      "assignments" : "",
      "nonebehavioreventref" : "signal",
      "externaldocuments" : [ ],
      "scriptformat" : "",
      "datainputset" : "",
      "processid" : "",
      "tasktype" : "None",
      "startquantity" : 1,
      "looptype" : "None",
      "instantiate" : "",
      "behavior" : "all",
      "inmsgimport" : "",
      "costs" : "",
      "inputdataitem" : "",
      "loopdatainput" : "",
      "name" : "glossary://5c513a6a03f74f95b9ed8332327d4f7d/Goods Inspection;;",
      "outmsgitemkind" : "Information",
      "costcenter" : "",
      "completioncondition" : "",
      "isforcompensation" : "",
      "risklevel" : "",
      "inmsgiscollection" : "",
      "inmsgitemkind" : "Information",
      "messageref" : "",
      "outputdataitem" : "",
      "inmsgstructure" : "",
      "loopcondition" : "",
      "onebehavioreventref:" : "signal",
      "operationref" : "",
      "implementation" : "webService",
      "outmsgimport" : "",
      "documentation" : "",
      "name_glossary_dirty" : true,
      "categories" : "",
      "auditing" : "",
      "complexbehaviordefinition" : ""
    },
    "stencil" : {
      "id" : "Task"
    },
    "outgoing" : [ {
      "resourceId" : "sid-5BC6C336-79DC-46C0-B5AF-5725BE03C8B9"
    } ]
  }, {
    "dockers" : [ ],
    "bounds" : {
      "lowerRight" : {
        "y" : 235,
        "x" : 1220
      },
      "upperLeft" : {
        "y" : 155,
        "x" : 1120
      }
    },
    "resourceId" : "sid-41FDBFB4-AF26-40FA-84F3-C3F6740CA5EC",
    "childShapes" : [ ],
    "properties" : {
      "resources" : "",
      "outmsgstructure" : "",
      "applyincalc" : true,
      "loopcardinality" : "",
      "bgcolor" : "#FFFFFF",
      "inmessagename" : "",
      "outmessagename" : "",
      "bordercolor" : "#000000",
      "time" : "",
      "loopmaximum" : "",
      "loopdataoutput" : "",
      "testbefore" : "",
      "callacitivity" : "",
      "outmsgiscollection" : "",
      "monitoring" : "",
      "operationname" : "",
      "dataoutputset" : "",
      "completionquantity" : 1,
      "properties" : "",
      "script" : "",
      "assignments" : "",
      "nonebehavioreventref" : "signal",
      "externaldocuments" : [ ],
      "scriptformat" : "",
      "datainputset" : "",
      "processid" : "",
      "tasktype" : "None",
      "startquantity" : 1,
      "looptype" : "None",
      "instantiate" : "",
      "behavior" : "all",
      "inmsgimport" : "",
      "costs" : "",
      "inputdataitem" : "",
      "loopdatainput" : "",
      "name" : "glossary://cf1bbe8da0294a96812585e25ac5475a/Scan X-Ray Examination;;",
      "outmsgitemkind" : "Information",
      "costcenter" : "",
      "completioncondition" : "",
      "isforcompensation" : "",
      "risklevel" : "",
      "inmsgiscollection" : "",
      "inmsgitemkind" : "Information",
      "messageref" : "",
      "outputdataitem" : "",
      "inmsgstructure" : "",
      "loopcondition" : "",
      "onebehavioreventref:" : "signal",
      "operationref" : "",
      "implementation" : "webService",
      "outmsgimport" : "",
      "documentation" : "",
      "name_glossary_dirty" : false,
      "categories" : "",
      "auditing" : "",
      "complexbehaviordefinition" : ""
    },
    "stencil" : {
      "id" : "Task"
    },
    "outgoing" : [ {
      "resourceId" : "sid-97ECEFD0-ECD0-43C9-B7BA-68DC44E34872"
    } ]
  }, {
    "dockers" : [ {
      "y" : 40,
      "x" : 50
    }, {
      "y" : 20.5,
      "x" : 20.5
    } ],
    "bounds" : {
      "lowerRight" : {
        "y" : 195.40151071673208,
        "x" : 1254.718761230466
      },
      "upperLeft" : {
        "y" : 195.23696682464455,
        "x" : 1220
      }
    },
    "resourceId" : "sid-97ECEFD0-ECD0-43C9-B7BA-68DC44E34872",
    "target" : {
      "resourceId" : "sid-4DEDAD32-2A3C-485E-81A5-D88F765722F9"
    },
    "childShapes" : [ ],
    "properties" : {
      "bordercolor" : "#000000",
      "showdiamondmarker" : "",
      "monitoring" : "",
      "name" : "",
      "documentation" : "",
      "probability" : "",
      "conditiontype" : "None",
      "conditionexpression" : "",
      "isimmediate" : "",
      "auditing" : ""
    },
    "stencil" : {
      "id" : "SequenceFlow"
    },
    "outgoing" : [ {
      "resourceId" : "sid-4DEDAD32-2A3C-485E-81A5-D88F765722F9"
    } ]
  }, {
    "dockers" : [ ],
    "bounds" : {
      "lowerRight" : {
        "y" : 215,
        "x" : 1058.1799751859803
      },
      "upperLeft" : {
        "y" : 175,
        "x" : 1018.1799751859803
      }
    },
    "resourceId" : "sid-90989242-92A8-4C95-945A-1F45E567AF0B",
    "childShapes" : [ ],
    "properties" : {
      "xortype" : "Data",
      "monitoring" : "",
      "defaultgate" : "",
      "gatewaytype" : "XOR",
      "gates" : "",
      "assignments" : "",
      "bgcolor" : "#ffffff",
      "bordercolor" : "#000000",
      "pool" : "",
      "gate_assignments" : "",
      "markervisible" : "true",
      "name" : "",
      "documentation" : "",
      "gates_assignments" : "",
      "categories" : "",
      "gate_outgoingsequenceflow" : "",
      "auditing" : "",
      "lanes" : "",
      "gates_outgoingsequenceflow" : "",
      "processid" : ""
    },
    "stencil" : {
      "id" : "Exclusive_Databased_Gateway"
    },
    "outgoing" : [ {
      "resourceId" : "sid-EEA33640-4559-4EBA-A72B-BCF5D2B13352"
    } ]
  }, {
    "dockers" : [ {
      "y" : 20.5,
      "x" : 20.5
    }, {
      "y" : 40,
      "x" : 50
    } ],
    "bounds" : {
      "lowerRight" : {
        "y" : 195.42588003517125,
        "x" : 1119.7549979431628
      },
      "upperLeft" : {
        "y" : 195.19130746482875,
        "x" : 1058.1468464270315
      }
    },
    "resourceId" : "sid-EEA33640-4559-4EBA-A72B-BCF5D2B13352",
    "target" : {
      "resourceId" : "sid-41FDBFB4-AF26-40FA-84F3-C3F6740CA5EC"
    },
    "childShapes" : [ ],
    "properties" : {
      "bordercolor" : "#000000",
      "showdiamondmarker" : "",
      "monitoring" : "",
      "name" : "",
      "documentation" : "",
      "probability" : "",
      "conditiontype" : "None",
      "conditionexpression" : "",
      "isimmediate" : "",
      "auditing" : ""
    },
    "stencil" : {
      "id" : "SequenceFlow"
    },
    "outgoing" : [ {
      "resourceId" : "sid-41FDBFB4-AF26-40FA-84F3-C3F6740CA5EC"
    } ]
  }, {
    "dockers" : [ {
      "y" : 40,
      "x" : 50.00000000000006
    }, {
      "y" : 115,
      "x" : 1038.6799751859803
    }, {
      "y" : 20.5,
      "x" : 20.5
    } ],
    "bounds" : {
      "lowerRight" : {
        "y" : 174.375,
        "x" : 1038.6799751859803
      },
      "upperLeft" : {
        "y" : 115,
        "x" : 1015
      }
    },
    "resourceId" : "sid-5BC6C336-79DC-46C0-B5AF-5725BE03C8B9",
    "target" : {
      "resourceId" : "sid-90989242-92A8-4C95-945A-1F45E567AF0B"
    },
    "childShapes" : [ ],
    "properties" : {
      "bordercolor" : "#000000",
      "showdiamondmarker" : "",
      "monitoring" : "",
      "name" : "",
      "documentation" : "",
      "probability" : "",
      "conditiontype" : "None",
      "conditionexpression" : "",
      "isimmediate" : "",
      "auditing" : ""
    },
    "stencil" : {
      "id" : "SequenceFlow"
    },
    "outgoing" : [ {
      "resourceId" : "sid-90989242-92A8-4C95-945A-1F45E567AF0B"
    } ]
  }, {
    "dockers" : [ {
      "y" : 20,
      "x" : 20
    }, {
      "y" : 275,
      "x" : 99.92999904561452
    }, {
      "y" : 40,
      "x" : 50
    } ],
    "bounds" : {
      "lowerRight" : {
        "y" : 275,
        "x" : 224.7615622315791
      },
      "upperLeft" : {
        "y" : 214.75,
        "x" : 99.92999904561452
      }
    },
    "resourceId" : "sid-209A466D-EF1E-449F-A650-E70A5F3B7CFD",
    "target" : {
      "resourceId" : "sid-4194B95C-8563-47B3-9E48-3831A3CBCBA8"
    },
    "childShapes" : [ ],
    "properties" : {
      "bordercolor" : "#000000",
      "showdiamondmarker" : "",
      "monitoring" : "",
      "name" : "",
      "documentation" : "",
      "probability" : "",
      "conditiontype" : "None",
      "conditionexpression" : "",
      "isimmediate" : "",
      "auditing" : ""
    },
    "stencil" : {
      "id" : "SequenceFlow"
    },
    "outgoing" : [ {
      "resourceId" : "sid-4194B95C-8563-47B3-9E48-3831A3CBCBA8"
    } ]
  }, {
    "dockers" : [ {
      "y" : 20.5,
      "x" : 20.5
    }, {
      "y" : 115,
      "x" : 870.4299990456145
    }, {
      "y" : 40,
      "x" : 50
    } ],
    "bounds" : {
      "lowerRight" : {
        "y" : 174.375,
        "x" : 914.4985151254389
      },
      "upperLeft" : {
        "y" : 115,
        "x" : 870.4299990456145
      }
    },
    "resourceId" : "sid-B7BE42D1-584A-479E-B93C-E77AA64B6281",
    "target" : {
      "resourceId" : "sid-F164C6BB-14D7-4EF3-B3C4-F993826CA566"
    },
    "childShapes" : [ ],
    "properties" : {
      "bordercolor" : "#000000",
      "showdiamondmarker" : "",
      "monitoring" : "",
      "name" : "Red Check",
      "documentation" : "",
      "probability" : "",
      "conditiontype" : "None",
      "conditionexpression" : "",
      "isimmediate" : "",
      "auditing" : ""
    },
    "stencil" : {
      "id" : "SequenceFlow"
    },
    "outgoing" : [ {
      "resourceId" : "sid-F164C6BB-14D7-4EF3-B3C4-F993826CA566"
    } ]
  }, {
    "dockers" : [ {
      "y" : 20.5,
      "x" : 20.5
    }, {
      "y" : 20.5,
      "x" : 20.5
    } ],
    "bounds" : {
      "lowerRight" : {
        "y" : 195.5,
        "x" : 1017.9631811070312
      },
      "upperLeft" : {
        "y" : 195.5,
        "x" : 889.9299990456145
      }
    },
    "resourceId" : "sid-295781CD-CF03-4BB7-9CC6-3542CE5D7840",
    "labels" : [ {
      "to" : 1,
      "ref" : "text_name",
      "orientation" : "ul",
      "distance" : -7.5,
      "align" : "left",
      "from" : 0,
      "valign" : "top",
      "y" : 195.5,
      "x" : 906
    } ],
    "target" : {
      "resourceId" : "sid-90989242-92A8-4C95-945A-1F45E567AF0B"
    },
    "childShapes" : [ ],
    "properties" : {
      "bordercolor" : "#000000",
      "showdiamondmarker" : "",
      "monitoring" : "",
      "name" : "Green Check",
      "documentation" : "",
      "probability" : "",
      "conditiontype" : "None",
      "conditionexpression" : "",
      "isimmediate" : "",
      "auditing" : ""
    },
    "stencil" : {
      "id" : "SequenceFlow"
    },
    "outgoing" : [ {
      "resourceId" : "sid-90989242-92A8-4C95-945A-1F45E567AF0B"
    } ]
  }, {
    "dockers" : [ {
      "y" : 40,
      "x" : 50
    }, {
      "y" : 14,
      "x" : 14
    } ],
    "bounds" : {
      "lowerRight" : {
        "y" : 195,
        "x" : 1499.640625
      },
      "upperLeft" : {
        "y" : 195,
        "x" : 1450
      }
    },
    "resourceId" : "sid-490C70F2-2D22-4EFF-8AFC-794F7C237112",
    "target" : {
      "resourceId" : "sid-6AE5F91D-8966-4C92-BF87-8E9D7EC8A36B"
    },
    "childShapes" : [ ],
    "properties" : {
      "bordercolor" : "#000000",
      "showdiamondmarker" : "",
      "monitoring" : "",
      "name" : "",
      "documentation" : "",
      "probability" : "",
      "conditiontype" : "None",
      "conditionexpression" : "",
      "isimmediate" : "",
      "auditing" : ""
    },
    "stencil" : {
      "id" : "SequenceFlow"
    },
    "outgoing" : [ {
      "resourceId" : "sid-6AE5F91D-8966-4C92-BF87-8E9D7EC8A36B"
    } ]
  }, {
    "dockers" : [ {
      "y" : 20,
      "x" : 20
    }, {
      "y" : 40,
      "x" : 50
    } ],
    "bounds" : {
      "lowerRight" : {
        "y" : 195,
        "x" : 1349.1953125
      },
      "upperLeft" : {
        "y" : 195,
        "x" : 1294.5546875
      }
    },
    "resourceId" : "sid-B3E23CA1-E1D4-4D65-9A61-6583FDB3DDEA",
    "target" : {
      "resourceId" : "sid-D75E5DA3-F57B-4351-B200-585C6E3C2FCE"
    },
    "childShapes" : [ ],
    "properties" : {
      "bordercolor" : "#000000",
      "showdiamondmarker" : "",
      "monitoring" : "",
      "name" : "",
      "documentation" : "",
      "probability" : "",
      "conditiontype" : "None",
      "conditionexpression" : "",
      "isimmediate" : "",
      "auditing" : ""
    },
    "stencil" : {
      "id" : "SequenceFlow"
    },
    "outgoing" : [ {
      "resourceId" : "sid-D75E5DA3-F57B-4351-B200-585C6E3C2FCE"
    } ]
  } ],
  "properties" : {
    "orientation" : "horizontal",
    "monitoring" : "",
    "modificationdate" : "",
    "namespaces" : "",
    "creationdate" : "",
    "version" : "",
    "author" : "",
    "targetnamespace" : "http://www.signavio.com/bpmn20",
    "name" : "",
    "documentation" : "",
    "language" : "English",
    "auditing" : "",
    "expressionlanguage" : "http://www.w3.org/1999/XPath",
    "typelanguage" : "http://www.w3.org/2001/XMLSchema"
  },
  "offset" : {
    "y" : 0,
    "x" : 3.115456145224016E-4
  },
  "ssextensions" : [ "http://oryx-editor.org/stencilsets/extensions/bpmn2.0basicsubset#" ],
  "stencilset" : {
    "url" : "/stencilsets/bpmn2.0/bpmn2.0.json?version=6.0.0",
    "namespace" : "http://b3mn.org/stencilset/bpmn2.0#"
  },
  "stencil" : {
    "id" : "BPMNDiagram"
  }
}