{
  "model" : {
    "numberOfRevisions" : 4,
    "naturalLanguage" : "en",
    "timestampModelCollection" : null,
    "modelingLanguage" : "bpmn20",
    "directoryId" : "2035890772",
    "groupName" : "BPMN2.0_Process",
    "modelDate" : "2012-06-15",
    "modelName" : "Export Process - Philippines",
    "modelId" : "1759586074"
  },
  "revision" : {
    "connectedness" : 100,
    "elementCounts" : {
      "total" : 28,
      "Task" : 7,
      "SequenceFlow" : 14,
      "StartNoneEvent" : 1,
      "EndNoneEvent" : 1,
      "Exclusive_Databased_Gateway" : 4,
      "BPMNDiagram" : 1
    },
    "isLastRevision" : "true",
    "creationDate" : null,
    "revisionNumber" : 4
  }
}